Task Category,Content,Executed Actions,Info,Success Rate,Task Path
cdl_dataset/dataset/Prepare_a_reading_space/g5.txt,"Find my spectacles and put it on the coffe table in home office. Then find the book and put it on th
e coffe table in home office.","['walk_executor(walllamp_45)', 'walk_executor(walllamp_44)', 'walk_executor(walllamp_46)', 'walk_exe
cutor(walllamp_183)', 'walk_executor(walllamp_290)', 'walk_executor(walllamp_291)', 'walk_executor(k
itchen_counter_128)', 'walk_executor(spectacles_2106)', 'grab_executor(spectacles_2106)', 'walk_exec
utor(table_193)', 'put_executor(spectacles_2106, table_193)', 'walk_executor(bookshelf_137)', 'open_
executor(bookshelf_137)', 'walk_executor(book_2092)', 'grab_executor(book_2092)', 'walk_executor(tab
le_193)', 'put_executor(book_2092, table_193)']","Time consume: 90 seconds
Exp_helper query times: 1
Guidance query times: 0
library scale: 0
goal generate times: 1
goal correct times: 0
action_num: 17
",1,Scene_id: 2
cdl_dataset/dataset/Wash_dishes_with_dishwasher/g2.txt,Put cleaning solution in the dishwasher. Then wash the bowls and the plates with dishwasher.,"['walk_executor(cupboard_131)', 'open_executor(cupboard_131)', 'walk_executor(sink_307)', 'walk_exec
utor(dishwasher_143)', 'open_executor(dishwasher_143)', 'walk_executor(kitchen_counter_132)', 'walk_
executor(sink_133)', 'walk_executor(cleaning_solution_2098)', 'grab_executor(cleaning_solution_2098)
', 'walk_executor(dishwasher_143)', 'putin_executor(cleaning_solution_2098, dishwasher_143)', 'close
_executor(dishwasher_143)', 'switchon_executor(dishwasher_143)']","Time consume: 109 seconds
Exp_helper query times: 0
Guidance query times: 0
library scale: 0
goal generate times: 2
goal correct times: 0
action_num: 13
","Keystate: k1 - Requires: 0 steps
Keystate: k2 - Requires: 20 steps
Action Completion Rate: No actions required",Scene_id: 2
cdl_dataset/dataset/Iron_clothes/g2.txt,Hand wash a shirt and iron this shirt.,"['walk_executor(basket_for_clothes_2040)', 'grab_executor(clothes_shirt_2114)', 'wash_executor(cloth
es_shirt_2114)', 'walk_executor(faucet_134)', 'switchoff_executor(faucet_134)', 'walk_executor(ironi
ng_board_2099)', 'walk_executor(iron_2117)', 'plugin_executor(iron_2117)', 'switchon_executor(iron_2
117)', 'put_executor(clothes_shirt_2114, ironing_board_2099)', 'grab_executor(clothes_shirt_2114)', 
'walk_executor(sink_133)', 'putin_executor(clothes_shirt_2114, sink_133)', 'walk_executor(clothes_sh
irt_2114)', 'grab_executor(clothes_shirt_2114)', 'wash_executor(clothes_shirt_2114)', 'walk_executor
(faucet_308)', 'switchoff_executor(faucet_308)', 'walk_executor(ironing_board_2099)', 'put_executor(
clothes_shirt_2114, ironing_board_2099)']","Time consume: 230 seconds
Exp_helper query times: 0
Guidance query times: 1
library scale: 0
goal generate times: 11
goal correct times: 0
action_num: 20
","Keystate: k1 - Requires: 0 steps
Keystate: k2 - Requires: 4 steps
Action Completion Rate: 0.0",Scene_id: 2
cdl_dataset/dataset/Pet_cat/g4.txt,Wash my cat.,"['walk_executor(bed_376)', 'walk_executor(couch_192)', 'walk_executor(cat_2082)', 'grab_executor(cat
_2082)', 'wash_executor(cat_2082)', 'walk_executor(faucet_134)', 'switchoff_executor(faucet_134)']","Time consume: 49 seconds
Exp_helper query times: 0
Guidance query times: 0
library scale: 0
goal generate times: 2
goal correct times: 0
action_num: 7
",1,Scene_id: 2
cdl_dataset/dataset/Pet_cat/g2.txt,Slice some chicken and give it to my cat.,"['walk_executor(fridge_140)', 'switchoff_executor(fridge_140)', 'open_executor(fridge_140)', 'grab_e
xecutor(food_chicken_2050)', 'walk_executor(cutting_board_2080)', 'put_executor(food_chicken_2050, c
utting_board_2080)', 'walk_executor(knifeblock_52)', 'walk_executor(ironing_board_2099)', 'walk_exec
utor(kitchen_counter_132)', 'walk_executor(cupboard_131)', 'open_executor(cupboard_131)', 'walk_exec
utor(cupboard_130)', 'walk_executor(sink_133)', 'walk_executor(dishwasher_143)', 'open_executor(dish
washer_143)', 'grab_executor(knife_2036)', 'walk_executor(food_chicken_2050)', 'cut_executor(food_ch
icken_2050)', 'walk_executor(couch_192)', 'walk_executor(food_chicken_2050)', 'grab_executor(food_ch
icken_2050)', 'walk_executor(cat_2082)', 'put_executor(food_chicken_2050, cat_2082)']","Time consume: 128 seconds
Exp_helper query times: 1
Guidance query times: 0
library scale: 0
goal generate times: 1
goal correct times: 0
action_num: 23
",1,Scene_id: 2
cdl_dataset/dataset/Prepare_dinner/g5.txt,Fried a steak. Then cut it and put it on a plate.,"['walk_executor(kitchen_counter_132)', 'walk_executor(stove_2090)', 'open_executor(stove_2090)', 'wa
lk_executor(fridge_140)', 'switchoff_executor(fridge_140)', 'open_executor(fridge_140)', 'grab_execu
tor(food_steak_2042)', 'walk_executor(fryingpan_2107)', 'putin_executor(food_steak_2042, fryingpan_2
107)', 'grab_executor(fryingpan_2107)', 'walk_executor(stove_2090)', 'putin_executor(fryingpan_2107,
 stove_2090)', 'switchon_executor(stove_2090)', 'walk_executor(food_steak_2042)', 'grab_executor(foo
d_steak_2042)', 'walk_executor(cutting_board_2080)', 'put_executor(food_steak_2042, cutting_board_20
80)', 'walk_executor(knifeblock_52)', 'walk_executor(food_steak_2042)', 'grab_executor(food_steak_20
42)', 'walk_executor(fryingpan_2107)', 'putin_executor(food_steak_2042, fryingpan_2107)', 'walk_exec
utor(food_steak_2042)', 'grab_executor(food_steak_2042)', 'walk_executor(cutting_board_2080)', 'put_
executor(food_steak_2042, cutting_board_2080)', 'walk_executor(cupboard_131)', 'open_executor(cupboa
rd_131)', 'walk_executor(food_steak_2042)', 'grab_executor(food_steak_2042)', 'walk_executor(fryingp
an_2107)', 'putin_executor(food_steak_2042, fryingpan_2107)', 'walk_executor(food_steak_2042)', 'gra
b_executor(food_steak_2042)', 'walk_executor(cutting_board_2080)', 'put_executor(food_steak_2042, cu
tting_board_2080)', 'walk_executor(ceilinglamp_42)', 'walk_executor(food_steak_2042)', 'grab_executo
r(food_steak_2042)', 'walk_executor(fryingpan_2107)', 'putin_executor(food_steak_2042, fryingpan_210
7)', 'walk_executor(food_steak_2042)', 'grab_executor(food_steak_2042)', 'walk_executor(cutting_boar
d_2080)', 'put_executor(food_steak_2042, cutting_board_2080)', 'walk_executor(walllamp_183)', 'walk_
executor(food_steak_2042)', 'grab_executor(food_steak_2042)', 'walk_executor(fryingpan_2107)', 'puti
n_executor(food_steak_2042, fryingpan_2107)', 'walk_executor(food_steak_2042)', 'grab_executor(food_
steak_2042)', 'walk_executor(cutting_board_2080)', 'put_executor(food_steak_2042, cutting_board_2080
)', 'walk_executor(cupboard_130)', 'walk_executor(food_steak_2042)', 'grab_executor(food_steak_2042)
', 'walk_executor(fryingpan_2107)', 'putin_executor(food_steak_2042, fryingpan_2107)', 'walk_executo
r(food_steak_2042)', 'grab_executor(food_steak_2042)', 'walk_executor(cutting_board_2080)', 'put_exe
cutor(food_steak_2042, cutting_board_2080)', 'walk_executor(dishwasher_143)', 'open_executor(dishwas
her_143)', 'walk_executor(food_steak_2042)', 'grab_executor(food_steak_2042)', 'walk_executor(frying
pan_2107)', 'putin_executor(food_steak_2042, fryingpan_2107)', 'walk_executor(food_steak_2042)', 'gr
ab_executor(food_steak_2042)', 'walk_executor(cutting_board_2080)', 'put_executor(food_steak_2042, c
utting_board_2080)', 'walk_executor(knife_2036)', 'grab_executor(knife_2036)', 'walk_executor(food_s
teak_2042)', 'cut_executor(food_steak_2042)', 'walk_executor(sink_133)', 'walk_executor(food_steak_2
042)', 'grab_executor(food_steak_2042)', 'walk_executor(fryingpan_2107)', 'putin_executor(food_steak
_2042, fryingpan_2107)', 'walk_executor(food_steak_2042)', 'grab_executor(food_steak_2042)', 'walk_e
xecutor(cutting_board_2080)', 'put_executor(food_steak_2042, cutting_board_2080)', 'walk_executor(ta
ble_123)', 'walk_executor(food_steak_2042)', 'grab_executor(food_steak_2042)', 'walk_executor(frying
pan_2107)', 'putin_executor(food_steak_2042, fryingpan_2107)', 'walk_executor(food_steak_2042)', 'gr
ab_executor(food_steak_2042)', 'walk_executor(cutting_board_2080)', 'put_executor(food_steak_2042, c
utting_board_2080)', 'walk_executor(trashcan_360)', 'walk_executor(food_steak_2042)', 'grab_executor
(food_steak_2042)', 'walk_executor(fryingpan_2107)', 'putin_executor(food_steak_2042, fryingpan_2107
)', 'walk_executor(food_steak_2042)', 'grab_executor(food_steak_2042)', 'walk_executor(cutting_board
_2080)', 'put_executor(food_steak_2042, cutting_board_2080)', 'walk_executor(walllamp_289)', 'walk_e
xecutor(food_steak_2042)', 'grab_executor(food_steak_2042)', 'walk_executor(fryingpan_2107)', 'putin
_executor(food_steak_2042, fryingpan_2107)', 'walk_executor(food_steak_2042)', 'grab_executor(food_s
teak_2042)', 'walk_executor(cutting_board_2080)', 'put_executor(food_steak_2042, cutting_board_2080)
', 'walk_executor(table_127)', 'walk_executor(food_steak_2042)', 'grab_executor(food_steak_2042)', '
walk_executor(fryingpan_2107)', 'putin_executor(food_steak_2042, fryingpan_2107)', 'walk_executor(fo
od_steak_2042)', 'grab_executor(food_steak_2042)', 'walk_executor(cutting_board_2080)', 'put_executo
r(food_steak_2042, cutting_board_2080)', 'walk_executor(food_steak_2042)', 'grab_executor(food_steak
_2042)', 'walk_executor(plate_2105)', 'put_executor(food_steak_2042, plate_2105)']","Time consume: 459 seconds
Exp_helper query times: 1
Guidance query times: 0
library scale: 0
goal generate times: 1
goal correct times: 0
action_num: 126
","Keystate: k1 - Requires: 11 steps
Keystate: k2 - Requires: 0 steps
Action Completion Rate: No actions required",Scene_id: 2
cdl_dataset/dataset/Cook_some_food/g9.txt,Make some French fries.,"['walk_executor(fridge_140)', 'switchoff_executor(fridge_140)', 'open_executor(fridge_140)', 'grab_e
xecutor(food_potato_2066)', 'walk_executor(cutting_board_2080)', 'put_executor(food_potato_2066, cut
ting_board_2080)', 'walk_executor(knifeblock_52)', 'walk_executor(cupboard_131)', 'open_executor(cup
board_131)', 'walk_executor(kitchen_counter_132)', 'walk_executor(sink_307)', 'walk_executor(sink_13
3)', 'walk_executor(dishwasher_143)', 'open_executor(dishwasher_143)', 'grab_executor(knife_2036)', 
'walk_executor(food_potato_2066)', 'cut_executor(food_potato_2066)', 'walk_executor(stove_2090)', 'o
pen_executor(stove_2090)', 'walk_executor(oil_2102)', 'grab_executor(oil_2102)', 'walk_executor(fryi
ngpan_2107)', 'putin_executor(oil_2102, fryingpan_2107)', 'walk_executor(stove_2090)', 'switchon_exe
cutor(stove_2090)', 'walk_executor(food_potato_2066)', 'grab_executor(food_potato_2066)', 'walk_exec
utor(fryingpan_2107)', 'putin_executor(food_potato_2066, fryingpan_2107)', 'walk_executor(dishwasher
_143)', 'walk_executor(food_potato_2066)', 'grab_executor(food_potato_2066)', 'walk_executor(cutting
_board_2080)', 'put_executor(food_potato_2066, cutting_board_2080)', 'walk_executor(food_potato_2066
)', 'grab_executor(food_potato_2066)', 'walk_executor(fryingpan_2107)', 'putin_executor(food_potato_
2066, fryingpan_2107)', 'walk_executor(table_127)', 'walk_executor(food_potato_2066)', 'grab_executo
r(food_potato_2066)', 'walk_executor(cutting_board_2080)', 'put_executor(food_potato_2066, cutting_b
oard_2080)', 'walk_executor(food_potato_2066)', 'grab_executor(food_potato_2066)', 'walk_executor(fr
yingpan_2107)', 'putin_executor(food_potato_2066, fryingpan_2107)', 'walk_executor(food_potato_2066)
', 'grab_executor(food_potato_2066)', 'walk_executor(plate_2105)', 'put_executor(food_potato_2066, p
late_2105)', 'grab_executor(food_potato_2066)', 'wash_executor(food_potato_2066)', 'walk_executor(fa
ucet_134)', 'switchoff_executor(faucet_134)', 'walk_executor(fryingpan_2107)', 'put_executor(food_po
tato_2066, fryingpan_2107)', 'walk_executor(cutting_board_2080)', 'walk_executor(food_potato_2066)',
 'grab_executor(food_potato_2066)', 'walk_executor(cutting_board_2080)', 'put_executor(food_potato_2
066, cutting_board_2080)', 'walk_executor(stove_2090)', 'walk_executor(food_potato_2066)', 'grab_exe
cutor(food_potato_2066)', 'walk_executor(fryingpan_2107)', 'putin_executor(food_potato_2066, fryingp
an_2107)', 'walk_executor(food_potato_2066)', 'grab_executor(food_potato_2066)', 'walk_executor(plat
e_2105)', 'put_executor(food_potato_2066, plate_2105)']","Time consume: 282 seconds
Exp_helper query times: 1
Guidance query times: 0
library scale: 0
goal generate times: 8
goal correct times: 0
action_num: 71
","Keystate: k1 - Requires: 8 steps
Action Completion Rate: No actions required",Scene_id: 2
Task Category,Content,Executed Actions,Info,Success Rate,Task Path
cdl_dataset/dataset/Wash_dishes_with_dishwasher/g3.txt,Wash the bowls and plates with dishwasher. And wash forks by hand.,"['walk_executor(cupboard_131)', 'open_executor(cupboard_131)', 'walk_executor(cupboard_130)', 'walk_
executor(kitchen_counter_132)', 'walk_executor(dishwasher_143)', 'open_executor(dishwasher_143)', 'w
alk_executor(kitchen_counter_128)', 'walk_executor(ceilinglamp_235)', 'walk_executor(table_123)', 'w
alk_executor(bowl_2095)', 'grab_executor(bowl_2095)', 'walk_executor(dishwasher_143)', 'putin_execut
or(bowl_2095, dishwasher_143)', 'walk_executor(table_123)', 'walk_executor(trashcan_360)', 'walk_exe
cutor(table_127)', 'walk_executor(bowl_2096)', 'grab_executor(bowl_2096)', 'walk_executor(dishwasher
_143)', 'putin_executor(bowl_2096, dishwasher_143)', 'walk_executor(bowl_2097)', 'grab_executor(bowl
_2097)', 'walk_executor(dishwasher_143)', 'putin_executor(bowl_2097, dishwasher_143)', 'walk_executo
r(plate_2105)', 'grab_executor(plate_2105)', 'walk_executor(dishwasher_143)', 'putin_executor(plate_
2105, dishwasher_143)', 'close_executor(dishwasher_143)', 'switchon_executor(dishwasher_143)', 'walk
_executor(fork_2103)', 'grab_executor(fork_2103)', 'wash_executor(fork_2103)', 'walk_executor(faucet
_308)', 'switchoff_executor(faucet_308)', 'walk_executor(fork_2104)', 'grab_executor(fork_2104)', 'w
ash_executor(fork_2104)', 'walk_executor(kitchen_counter_132)', 'put_executor(fork_2103, kitchen_cou
nter_132)', 'switchoff_executor(faucet_134)']","Time consume: 167 seconds
Exp_helper query times: 1
Guidance query times: 0
library scale: 0
goal generate times: 1
goal correct times: 0
action_num: 41
",1,Scene_id: 2
cdl_dataset/dataset/Prepare_dinner/g6.txt,Syntax Error,[],"Time consume: 213 seconds
Exp_helper query times: 0
Guidance query times: 1
library scale: 0
goal generate times: 12
goal correct times: 0
action_num: 0
","Keystate: k1 - Requires: 19 steps
Keystate: k2 - Requires: 0 steps
Action Completion Rate: No actions required",Scene_id: 2
cdl_dataset/dataset/Wash_clothes/g2.txt,Wash all the clothes in the basket for clothes by adding soap to the washing machine and running it.,"['walk_executor(washing_machine_2041)', 'plugin_executor(washing_machine_2041)', 'switchon_executor(
washing_machine_2041)', 'walk_executor(cupboard_131)', 'open_executor(cupboard_131)', 'walk_executor
(cupboard_130)', 'walk_executor(tablelamp_236)', 'walk_executor(bathroom_cabinet_305)', 'open_execut
or(bathroom_cabinet_305)', 'walk_executor(bathroom_counter_306)', 'walk_executor(kitchen_counter_129
)', 'walk_executor(sink_307)', 'walk_executor(washing_machine_2041)', 'switchoff_executor(washing_ma
chine_2041)', 'open_executor(washing_machine_2041)', 'walk_executor(detergent_2108)', 'grab_executor
(detergent_2108)', 'walk_executor(washing_machine_2041)', 'putin_executor(detergent_2108, washing_ma
chine_2041)', 'close_executor(washing_machine_2041)', 'switchon_executor(washing_machine_2041)', 'sw
itchoff_executor(washing_machine_2041)']","Time consume: 341 seconds
Exp_helper query times: 1
Guidance query times: 0
library scale: 0
goal generate times: 4
goal correct times: 0
action_num: 22
","Keystate: k1 - Requires: 23 steps
Action Completion Rate: No actions required",Scene_id: 2
cdl_dataset/dataset/Turn_on_light/g1.txt,Turn on the lights in the bathroom.,"['walk_executor(light_325)', 'switchon_executor(light_325)']","Time consume: 23 seconds
Exp_helper query times: 0
Guidance query times: 0
library scale: 0
goal generate times: 2
goal correct times: 0
action_num: 2
",1,Scene_id: 2
cdl_dataset/dataset/Cook_some_food/g8.txt,"Make a bowl of egg salad with boiled egg, lemon, and vegetables.","['walk_executor(fridge_140)', 'switchoff_executor(fridge_140)', 'open_executor(fridge_140)', 'grab_e
xecutor(food_egg_2053)', 'walk_executor(cutting_board_2080)', 'put_executor(food_egg_2053, cutting_b
oard_2080)', 'walk_executor(knifeblock_52)', 'walk_executor(kitchen_counter_132)', 'walk_executor(cu
pboard_130)', 'walk_executor(window_40)', 'open_executor(window_40)', 'walk_executor(kitchen_counter
_129)', 'walk_executor(cupboard_131)', 'open_executor(cupboard_131)', 'walk_executor(dishwasher_143)
', 'open_executor(dishwasher_143)', 'grab_executor(knife_2036)', 'walk_executor(food_egg_2053)', 'cu
t_executor(food_egg_2053)', 'walk_executor(food_vegetable_2072)', 'grab_executor(food_vegetable_2072
)', 'walk_executor(cutting_board_2080)', 'put_executor(food_vegetable_2072, cutting_board_2080)', 'w
alk_executor(food_vegetable_2072)', 'cut_executor(food_vegetable_2072)', 'walk_executor(dishwasher_1
43)', 'walk_executor(pot_2093)', 'open_executor(pot_2093)', 'walk_executor(curtain_391)', 'walk_exec
utor(fryingpan_2107)', 'walk_executor(stove_2090)', 'open_executor(stove_2090)', 'walk_executor(tabl
e_127)', 'walk_executor(food_egg_2053)', 'grab_executor(food_egg_2053)', 'walk_executor(bowl_2096)',
 'putin_executor(food_egg_2053, bowl_2096)', 'walk_executor(food_vegetable_2072)', 'grab_executor(fo
od_vegetable_2072)', 'walk_executor(bowl_2096)', 'putin_executor(food_vegetable_2072, bowl_2096)', '
walk_executor(food_lemon_2061)', 'grab_executor(food_lemon_2061)', 'walk_executor(bowl_2096)', 'puti
n_executor(food_lemon_2061, bowl_2096)']","Time consume: 327 seconds
Exp_helper query times: 2
Guidance query times: 0
library scale: 0
goal generate times: 2
goal correct times: 0
action_num: 45
","Keystate: k1 - Requires: 11 steps
Keystate: k2 - Requires: 15 steps
Action Completion Rate: No actions required",Scene_id: 2
cdl_dataset/dataset/Put_groceries_in_Fridge/g3.txt,Throw all the items in the fridge to the trashcan.,"['walk_executor(fridge_140)', 'switchoff_executor(fridge_140)', 'open_executor(fridge_140)', 'close_
executor(fridge_140)', 'open_executor(fridge_140)', 'plugout_executor(fridge_140)', 'grab_executor(f
ood_steak_2042)', 'walk_executor(trashcan_360)', 'putin_executor(food_steak_2042, trashcan_360)', 'w
alk_executor(fridge_140)', 'walk_executor(food_apple_2043)', 'grab_executor(food_apple_2043)', 'walk
_executor(trashcan_360)', 'putin_executor(food_apple_2043, trashcan_360)', 'walk_executor(fridge_140
)', 'walk_executor(food_bacon_2044)', 'grab_executor(food_bacon_2044)', 'walk_executor(trashcan_360)
', 'putin_executor(food_bacon_2044, trashcan_360)', 'walk_executor(fridge_140)', 'walk_executor(food
_banana_2045)', 'grab_executor(food_banana_2045)', 'walk_executor(trashcan_360)', 'putin_executor(fo
od_banana_2045, trashcan_360)', 'walk_executor(fridge_140)', 'walk_executor(food_cake_2046)', 'grab_
executor(food_cake_2046)', 'walk_executor(trashcan_360)', 'putin_executor(food_cake_2046, trashcan_3
60)', 'walk_executor(fridge_140)', 'walk_executor(food_carrot_2047)', 'grab_executor(food_carrot_204
7)', 'walk_executor(trashcan_360)', 'putin_executor(food_carrot_2047, trashcan_360)', 'walk_executor
(fridge_140)', 'walk_executor(food_cereal_2048)', 'grab_executor(food_cereal_2048)', 'walk_executor(
trashcan_360)', 'putin_executor(food_cereal_2048, trashcan_360)', 'walk_executor(fridge_140)', 'walk
_executor(food_cheese_2049)', 'grab_executor(food_cheese_2049)', 'walk_executor(trashcan_360)', 'put
in_executor(food_cheese_2049, trashcan_360)', 'walk_executor(fridge_140)', 'walk_executor(food_chick
en_2050)', 'grab_executor(food_chicken_2050)', 'walk_executor(trashcan_360)', 'putin_executor(food_c
hicken_2050, trashcan_360)', 'walk_executor(fridge_140)', 'walk_executor(food_dessert_2051)', 'grab_
executor(food_dessert_2051)', 'walk_executor(trashcan_360)', 'putin_executor(food_dessert_2051, tras
hcan_360)', 'walk_executor(fridge_140)', 'walk_executor(food_donut_2052)', 'grab_executor(food_donut
_2052)', 'walk_executor(trashcan_360)', 'putin_executor(food_donut_2052, trashcan_360)', 'walk_execu
tor(fridge_140)', 'walk_executor(food_egg_2053)', 'grab_executor(food_egg_2053)', 'walk_executor(tra
shcan_360)', 'putin_executor(food_egg_2053, trashcan_360)', 'walk_executor(fridge_140)', 'walk_execu
tor(food_fish_2054)', 'grab_executor(food_fish_2054)', 'walk_executor(trashcan_360)', 'putin_executo
r(food_fish_2054, trashcan_360)', 'walk_executor(fridge_140)', 'walk_executor(food_food_2055)', 'gra
b_executor(food_food_2055)', 'walk_executor(trashcan_360)', 'putin_executor(food_food_2055, trashcan
_360)', 'walk_executor(fridge_140)', 'walk_executor(food_fruit_2056)', 'grab_executor(food_fruit_205
6)', 'walk_executor(trashcan_360)', 'putin_executor(food_fruit_2056, trashcan_360)', 'walk_executor(
fridge_140)', 'walk_executor(food_hamburger_2057)', 'grab_executor(food_hamburger_2057)', 'walk_exec
utor(trashcan_360)', 'putin_executor(food_hamburger_2057, trashcan_360)', 'walk_executor(fridge_140)
', 'walk_executor(food_ice_cream_2058)', 'grab_executor(food_ice_cream_2058)', 'walk_executor(trashc
an_360)', 'putin_executor(food_ice_cream_2058, trashcan_360)', 'walk_executor(fridge_140)', 'walk_ex
ecutor(food_jam_2059)', 'grab_executor(food_jam_2059)', 'walk_executor(trashcan_360)', 'putin_execut
or(food_jam_2059, trashcan_360)', 'walk_executor(fridge_140)', 'walk_executor(food_kiwi_2060)', 'gra
b_executor(food_kiwi_2060)', 'walk_executor(trashcan_360)', 'putin_executor(food_kiwi_2060, trashcan
_360)', 'walk_executor(fridge_140)', 'walk_executor(food_lemon_2061)', 'grab_executor(food_lemon_206
1)', 'walk_executor(trashcan_360)', 'putin_executor(food_lemon_2061, trashcan_360)', 'walk_executor(
fridge_140)', 'walk_executor(food_noodles_2062)', 'grab_executor(food_noodles_2062)', 'walk_executor
(trashcan_360)', 'putin_executor(food_noodles_2062, trashcan_360)', 'walk_executor(fridge_140)', 'wa
lk_executor(food_oatmeal_2063)', 'grab_executor(food_oatmeal_2063)', 'walk_executor(trashcan_360)', 
'putin_executor(food_oatmeal_2063, trashcan_360)', 'walk_executor(fridge_140)', 'walk_executor(food_
peanut_butter_2064)', 'grab_executor(food_peanut_butter_2064)', 'walk_executor(trashcan_360)', 'puti
n_executor(food_peanut_butter_2064, trashcan_360)', 'walk_executor(fridge_140)', 'walk_executor(food
_pizza_2065)', 'grab_executor(food_pizza_2065)', 'walk_executor(trashcan_360)', 'putin_executor(food
_pizza_2065, trashcan_360)', 'walk_executor(fridge_140)', 'walk_executor(food_potato_2066)', 'grab_e
xecutor(food_potato_2066)', 'walk_executor(trashcan_360)', 'putin_executor(food_potato_2066, trashca
n_360)', 'walk_executor(fridge_140)', 'walk_executor(food_rice_2067)', 'grab_executor(food_rice_2067
)', 'walk_executor(trashcan_360)', 'putin_executor(food_rice_2067, trashcan_360)', 'walk_executor(fr
idge_140)', 'walk_executor(food_salt_2068)', 'grab_executor(food_salt_2068)', 'walk_executor(trashca
n_360)', 'putin_executor(food_salt_2068, trashcan_360)', 'walk_executor(fridge_140)', 'walk_executor
(food_snack_2069)', 'grab_executor(food_snack_2069)', 'walk_executor(trashcan_360)', 'putin_executor
(food_snack_2069, trashcan_360)', 'walk_executor(fridge_140)', 'walk_executor(food_sugar_2070)', 'gr
ab_executor(food_sugar_2070)', 'walk_executor(trashcan_360)', 'putin_executor(food_sugar_2070, trash
can_360)', 'walk_executor(fridge_140)', 'walk_executor(food_turkey_2071)', 'grab_executor(food_turke
y_2071)', 'walk_executor(trashcan_360)', 'putin_executor(food_turkey_2071, trashcan_360)', 'walk_exe
cutor(fridge_140)', 'walk_executor(food_vegetable_2072)', 'grab_executor(food_vegetable_2072)', 'wal
k_executor(trashcan_360)', 'putin_executor(food_vegetable_2072, trashcan_360)', 'walk_executor(fridg
e_140)', 'walk_executor(sauce_2101)', 'grab_executor(sauce_2101)', 'walk_executor(trashcan_360)', 'p
utin_executor(sauce_2101, trashcan_360)']","Time consume: 1110 seconds
Exp_helper query times: 0
Guidance query times: 1
library scale: 0
goal generate times: 12
goal correct times: 0
action_num: 164
",1,Scene_id: 2
cdl_dataset/dataset/Prepare_a_reading_space/g4.txt,"Find the book and put it on the coffe table in home office. Then prepare a cup of hot milk, put it o
n the table.","['walk_executor(bookshelf_189)', 'open_executor(bookshelf_189)', 'walk_executor(bookshelf_136)', 'wa
lk_executor(book_2091)', 'grab_executor(book_2091)', 'walk_executor(table_123)', 'put_executor(book_
2091, table_123)', 'walk_executor(microwave_149)', 'open_executor(microwave_149)', 'walk_executor(bo
ok_2091)', 'grab_executor(book_2091)', 'walk_executor(table_123)', 'put_executor(book_2091, table_12
3)', 'walk_executor(fridge_140)', 'switchoff_executor(fridge_140)', 'open_executor(fridge_140)', 'wa
lk_executor(book_2091)', 'grab_executor(book_2091)', 'walk_executor(table_123)', 'put_executor(book_
2091, table_123)', 'walk_executor(milk_2074)', 'grab_executor(milk_2074)', 'walk_executor(cup_2087)'
, 'putin_executor(milk_2074, cup_2087)', 'grab_executor(cup_2087)', 'walk_executor(microwave_149)', 
'putin_executor(cup_2087, microwave_149)', 'close_executor(microwave_149)', 'switchon_executor(micro
wave_149)', 'switchoff_executor(microwave_149)', 'open_executor(microwave_149)', 'walk_executor(cup_
2087)', 'grab_executor(cup_2087)', 'walk_executor(table_123)', 'put_executor(cup_2087, table_123)']","Time consume: 395 seconds
Exp_helper query times: 0
Guidance query times: 1
library scale: 0
goal generate times: 7
goal correct times: 0
action_num: 35
","Keystate: k1 - Requires: 4 steps
Keystate: k2 - Requires: 5 steps
Keystate: k3 - Requires: 3 steps
Action Completion Rate: No actions required",Scene_id: 2
cdl_dataset/dataset/Iron_clothes/g1.txt,Directly iron a pair of skirt.,"['walk_executor(ironing_board_2099)', 'walk_executor(iron_2117)', 'plugin_executor(iron_2117)', 'swi
tchon_executor(iron_2117)', 'walk_executor(basket_for_clothes_2040)', 'grab_executor(clothes_skirt_2
116)', 'walk_executor(ironing_board_2099)', 'put_executor(clothes_skirt_2116, ironing_board_2099)', 
'walk_executor(clothes_skirt_2116)', 'grab_executor(clothes_skirt_2116)', 'wash_executor(clothes_ski
rt_2116)', 'walk_executor(faucet_134)', 'switchoff_executor(faucet_134)', 'walk_executor(iron_2117)'
, 'switchoff_executor(iron_2117)', 'plugout_executor(iron_2117)', 'put_executor(clothes_skirt_2116, 
ironing_board_2099)', 'plugin_executor(iron_2117)', 'switchon_executor(iron_2117)', 'grab_executor(i
ron_2117)', 'put_executor(iron_2117, clothes_skirt_2116)']","Time consume: 226 seconds
Exp_helper query times: 0
Guidance query times: 1
library scale: 0
goal generate times: 12
goal correct times: 0
action_num: 21
","Keystate: k1 - Requires: 0 steps
Action Completion Rate: 0.0",Scene_id: 2
cdl_dataset/dataset/Turn_on_light/g3.txt,Make sure there is at least one light on in every room.,"['walk_executor(light_49)', 'switchon_executor(light_49)', 'walk_executor(light_217)', 'switchon_exe
cutor(light_217)', 'walk_executor(light_258)', 'switchon_executor(light_258)', 'walk_executor(light_
325)', 'switchon_executor(light_325)', 'walk_executor(light_384)', 'switchon_executor(light_384)']","Time consume: 29 seconds
Exp_helper query times: 0
Guidance query times: 0
library scale: 0
goal generate times: 2
goal correct times: 0
action_num: 10
",1,Scene_id: 2
cdl_dataset/dataset/Put_groceries_in_Fridge/g1.txt,"Put milk, turkey, egg, fish and chicken on one of the table in dining room.","['walk_executor(fridge_140)', 'switchoff_executor(fridge_140)', 'open_executor(fridge_140)', 'walk_e
xecutor(milk_2074)', 'grab_executor(milk_2074)', 'walk_executor(table_123)', 'put_executor(milk_2074
, table_123)', 'walk_executor(food_turkey_2071)', 'grab_executor(food_turkey_2071)', 'walk_executor(
table_123)', 'put_executor(food_turkey_2071, table_123)', 'walk_executor(food_egg_2053)', 'grab_exec
utor(food_egg_2053)', 'walk_executor(table_123)', 'put_executor(food_egg_2053, table_123)', 'walk_ex
ecutor(food_fish_2054)', 'grab_executor(food_fish_2054)', 'walk_executor(table_123)', 'put_executor(
food_fish_2054, table_123)', 'walk_executor(food_chicken_2050)', 'grab_executor(food_chicken_2050)',
 'walk_executor(table_123)', 'put_executor(food_chicken_2050, table_123)']","Time consume: 60 seconds
Exp_helper query times: 0
Guidance query times: 0
library scale: 0
goal generate times: 1
goal correct times: 0
action_num: 23
",1,Scene_id: 2
cdl_dataset/dataset/Put_groceries_in_Fridge/g5.txt,"Put milk and egg on one of the table in dining room. Throw all the items in the fridge to the trashc
an. Then put milk and eggs back in the fridge.","['walk_executor(fridge_140)', 'switchoff_executor(fridge_140)', 'open_executor(fridge_140)', 'walk_e
xecutor(milk_2074)', 'grab_executor(milk_2074)', 'walk_executor(table_123)', 'put_executor(milk_2074
, table_123)', 'walk_executor(food_egg_2053)', 'grab_executor(food_egg_2053)', 'walk_executor(table_
123)', 'put_executor(food_egg_2053, table_123)', 'walk_executor(food_steak_2042)', 'grab_executor(fo
od_steak_2042)', 'walk_executor(trashcan_360)', 'putin_executor(food_steak_2042, trashcan_360)', 'wa
lk_executor(food_apple_2043)', 'grab_executor(food_apple_2043)', 'walk_executor(trashcan_360)', 'put
in_executor(food_apple_2043, trashcan_360)', 'walk_executor(food_bacon_2044)', 'grab_executor(food_b
acon_2044)', 'walk_executor(trashcan_360)', 'putin_executor(food_bacon_2044, trashcan_360)', 'walk_e
xecutor(food_banana_2045)', 'grab_executor(food_banana_2045)', 'walk_executor(trashcan_360)', 'putin
_executor(food_banana_2045, trashcan_360)', 'walk_executor(food_cake_2046)', 'grab_executor(food_cak
e_2046)', 'walk_executor(trashcan_360)', 'putin_executor(food_cake_2046, trashcan_360)', 'walk_execu
tor(food_carrot_2047)', 'grab_executor(food_carrot_2047)', 'walk_executor(trashcan_360)', 'putin_exe
cutor(food_carrot_2047, trashcan_360)', 'walk_executor(food_cereal_2048)', 'grab_executor(food_cerea
l_2048)', 'walk_executor(trashcan_360)', 'putin_executor(food_cereal_2048, trashcan_360)', 'walk_exe
cutor(food_cheese_2049)', 'grab_executor(food_cheese_2049)', 'walk_executor(trashcan_360)', 'putin_e
xecutor(food_cheese_2049, trashcan_360)', 'walk_executor(food_chicken_2050)', 'grab_executor(food_ch
icken_2050)', 'walk_executor(trashcan_360)', 'putin_executor(food_chicken_2050, trashcan_360)', 'wal
k_executor(food_dessert_2051)', 'grab_executor(food_dessert_2051)', 'walk_executor(trashcan_360)', '
putin_executor(food_dessert_2051, trashcan_360)', 'walk_executor(food_donut_2052)', 'grab_executor(f
ood_donut_2052)', 'walk_executor(trashcan_360)', 'putin_executor(food_donut_2052, trashcan_360)', 'w
alk_executor(food_fish_2054)', 'grab_executor(food_fish_2054)', 'walk_executor(trashcan_360)', 'puti
n_executor(food_fish_2054, trashcan_360)', 'walk_executor(food_food_2055)', 'grab_executor(food_food
_2055)', 'walk_executor(trashcan_360)', 'putin_executor(food_food_2055, trashcan_360)', 'walk_execut
or(food_fruit_2056)', 'grab_executor(food_fruit_2056)', 'walk_executor(trashcan_360)', 'putin_execut
or(food_fruit_2056, trashcan_360)', 'walk_executor(food_hamburger_2057)', 'grab_executor(food_hambur
ger_2057)', 'walk_executor(trashcan_360)', 'putin_executor(food_hamburger_2057, trashcan_360)', 'wal
k_executor(food_ice_cream_2058)', 'grab_executor(food_ice_cream_2058)', 'walk_executor(trashcan_360)
', 'putin_executor(food_ice_cream_2058, trashcan_360)', 'walk_executor(food_jam_2059)', 'grab_execut
or(food_jam_2059)', 'walk_executor(trashcan_360)', 'putin_executor(food_jam_2059, trashcan_360)', 'w
alk_executor(food_kiwi_2060)', 'grab_executor(food_kiwi_2060)', 'walk_executor(trashcan_360)', 'puti
n_executor(food_kiwi_2060, trashcan_360)', 'walk_executor(food_lemon_2061)', 'grab_executor(food_lem
on_2061)', 'walk_executor(trashcan_360)', 'putin_executor(food_lemon_2061, trashcan_360)', 'walk_exe
cutor(food_noodles_2062)', 'grab_executor(food_noodles_2062)', 'walk_executor(trashcan_360)', 'putin
_executor(food_noodles_2062, trashcan_360)', 'walk_executor(food_oatmeal_2063)', 'grab_executor(food
_oatmeal_2063)', 'walk_executor(trashcan_360)', 'putin_executor(food_oatmeal_2063, trashcan_360)', '
walk_executor(food_peanut_butter_2064)', 'grab_executor(food_peanut_butter_2064)', 'walk_executor(tr
ashcan_360)', 'putin_executor(food_peanut_butter_2064, trashcan_360)', 'walk_executor(food_pizza_206
5)', 'grab_executor(food_pizza_2065)', 'walk_executor(trashcan_360)', 'putin_executor(food_pizza_206
5, trashcan_360)', 'walk_executor(food_potato_2066)', 'grab_executor(food_potato_2066)', 'walk_execu
tor(trashcan_360)', 'putin_executor(food_potato_2066, trashcan_360)', 'walk_executor(food_rice_2067)
', 'grab_executor(food_rice_2067)', 'walk_executor(trashcan_360)', 'putin_executor(food_rice_2067, t
rashcan_360)', 'walk_executor(food_salt_2068)', 'grab_executor(food_salt_2068)', 'walk_executor(tras
hcan_360)', 'putin_executor(food_salt_2068, trashcan_360)', 'walk_executor(food_snack_2069)', 'grab_
executor(food_snack_2069)', 'walk_executor(trashcan_360)', 'putin_executor(food_snack_2069, trashcan
_360)', 'walk_executor(food_sugar_2070)', 'grab_executor(food_sugar_2070)', 'walk_executor(trashcan_
360)', 'putin_executor(food_sugar_2070, trashcan_360)', 'walk_executor(food_turkey_2071)', 'grab_exe
cutor(food_turkey_2071)', 'walk_executor(trashcan_360)', 'putin_executor(food_turkey_2071, trashcan_
360)', 'walk_executor(food_vegetable_2072)', 'grab_executor(food_vegetable_2072)', 'walk_executor(tr
ashcan_360)', 'putin_executor(food_vegetable_2072, trashcan_360)', 'walk_executor(sauce_2101)', 'gra
b_executor(sauce_2101)', 'walk_executor(trashcan_360)', 'putin_executor(sauce_2101, trashcan_360)', 
'walk_executor(milk_2074)', 'grab_executor(milk_2074)', 'walk_executor(fridge_140)', 'putin_executor
(milk_2074, fridge_140)', 'walk_executor(food_egg_2053)', 'grab_executor(food_egg_2053)', 'walk_exec
utor(fridge_140)', 'putin_executor(food_egg_2053, fridge_140)']","Time consume: 623 seconds
Exp_helper query times: 0
Guidance query times: 0
library scale: 0
goal generate times: 5
goal correct times: 0
action_num: 143
",1,Scene_id: 2
cdl_dataset/dataset/Wash_clothes/g4.txt,Syntax Error,[],"Time consume: 213 seconds
Exp_helper query times: 0
Guidance query times: 1
library scale: 0
goal generate times: 12
goal correct times: 0
action_num: 0
","Keystate: k1 - Requires: 6 steps
Action Completion Rate: No actions required",Scene_id: 2
Task Category,Content,Executed Actions,Info,Success Rate,Task Path
cdl_dataset/dataset/Clean_the_bathroom/g2.txt,Prepare a sink of soapy water in the bathroom.,"['walk_executor(bathroom_cabinet_305)', 'open_executor(bathroom_cabinet_305)', 'grab_executor(soap_2
038)', 'walk_executor(sink_133)', 'putin_executor(soap_2038, sink_133)', 'walk_executor(faucet_134)'
, 'switchoff_executor(faucet_134)', 'switchon_executor(faucet_134)', 'switchoff_executor(faucet_134)
']","Time consume: 154 seconds
Exp_helper query times: 0
Guidance query times: 1
library scale: 0
goal generate times: 9
goal correct times: 0
action_num: 9
","Keystate: k1 - Requires: 4 steps
Action Completion Rate: 1.0",Scene_id: 2
cdl_dataset/dataset/Make_coffee/g1.txt,Make a cup of coffee using the coffee maker.,"['walk_executor(coffe_maker_147)', 'switchon_executor(coffe_maker_147)', 'walk_executor(cupboard_130
)', 'walk_executor(cupboard_131)', 'open_executor(cupboard_131)', 'walk_executor(kitchen_counter_128
)', 'walk_executor(sink_133)', 'walk_executor(table_127)', 'walk_executor(bench_125)', 'walk_executo
r(table_123)', 'walk_executor(cup_2087)', 'grab_executor(cup_2087)', 'wash_executor(cup_2087)', 'wal
k_executor(faucet_134)', 'switchoff_executor(faucet_134)', 'walk_executor(coffe_maker_147)', 'put_ex
ecutor(cup_2087, coffe_maker_147)', 'switchoff_executor(coffe_maker_147)', 'open_executor(coffe_make
r_147)']","Time consume: 131 seconds
Exp_helper query times: 1
Guidance query times: 0
library scale: 0
goal generate times: 4
goal correct times: 0
action_num: 19
","Keystate: k1 - Requires: 4 steps
Action Completion Rate: No actions required",Scene_id: 2
cdl_dataset/dataset/Vacuum_the_living_room/g1.txt,Vacuum the floor by push and pull the vacuume clearner.,"['walk_executor(kitchen_counter_128)', 'walk_executor(washing_machine_2041)', 'open_executor(washing
_machine_2041)', 'walk_executor(basket_for_clothes_2040)', 'walk_executor(light_325)', 'walk_executo
r(kitchen_counter_132)', 'walk_executor(stove_2090)', 'open_executor(stove_2090)', 'walk_executor(ho
me_office_161)', 'walk_executor(couch_192)', 'walk_executor(vacuum_cleaner_2094)', 'plugin_executor(
vacuum_cleaner_2094)', 'switchon_executor(vacuum_cleaner_2094)', 'push_executor(vacuum_cleaner_2094)
', 'pull_executor(vacuum_cleaner_2094)']","Time consume: 142 seconds
Exp_helper query times: 1
Guidance query times: 0
library scale: 0
goal generate times: 3
goal correct times: 0
action_num: 15
","Keystate: k1 - Requires: 1 steps
Action Completion Rate: 1.0",Scene_id: 2
cdl_dataset/dataset/Cook_some_food/g10.txt,Boil some noodles with chicken.,"['walk_executor(cupboard_130)', 'walk_executor(pot_54)', 'open_executor(pot_54)', 'grab_executor(pot
_54)', 'walk_executor(faucet_134)', 'switchoff_executor(faucet_134)', 'walk_executor(kitchen_counter
_128)', 'walk_executor(faucet_308)', 'switchoff_executor(faucet_308)', 'walk_executor(fridge_140)', 
'switchoff_executor(fridge_140)', 'open_executor(fridge_140)', 'walk_executor(faucet_134)', 'switcho
n_executor(faucet_134)', 'switchoff_executor(faucet_134)', 'walk_executor(food_noodles_2062)', 'grab
_executor(food_noodles_2062)', 'walk_executor(pot_54)', 'putin_executor(food_noodles_2062, pot_54)',
 'walk_executor(food_chicken_2050)', 'grab_executor(food_chicken_2050)', 'walk_executor(pot_54)', 'p
utin_executor(food_chicken_2050, pot_54)', 'walk_executor(stove_2090)', 'switchon_executor(stove_209
0)', 'put_executor(pot_54, stove_2090)', 'walk_executor(food_chicken_2050)', 'grab_executor(food_chi
cken_2050)', 'walk_executor(cutting_board_2080)', 'put_executor(food_chicken_2050, cutting_board_208
0)', 'walk_executor(knifeblock_52)', 'walk_executor(cupboard_131)', 'open_executor(cupboard_131)', '
walk_executor(computer_379)', 'walk_executor(wallshelf_301)', 'walk_executor(photoframe_361)', 'walk
_executor(dishwasher_143)', 'open_executor(dishwasher_143)', 'grab_executor(knife_2036)', 'walk_exec
utor(food_chicken_2050)', 'cut_executor(food_chicken_2050)', 'grab_executor(food_chicken_2050)', 'wa
lk_executor(pot_54)', 'putin_executor(food_chicken_2050, pot_54)']","Time consume: 426 seconds
Exp_helper query times: 1
Guidance query times: 1
library scale: 0
goal generate times: 12
goal correct times: 0
action_num: 44
",1,Scene_id: 2
cdl_dataset/dataset/Cook_some_food/g5.txt,Syntax Error,"['walk_executor(fridge_140)', 'switchoff_executor(fridge_140)', 'open_executor(fridge_140)', 'grab_e
xecutor(food_banana_2045)', 'walk_executor(cutting_board_2080)', 'put_executor(food_banana_2045, cut
ting_board_2080)', 'walk_executor(kitchen_counter_128)', 'walk_executor(knifeblock_52)', 'walk_execu
tor(cupboard_130)']","Time consume: 100 seconds
Exp_helper query times: 0
Guidance query times: 0
library scale: 0
goal generate times: 2
goal correct times: 0
action_num: 9
","Keystate: k1 - Requires: 13 steps
Action Completion Rate: No actions required",Scene_id: 2
cdl_dataset/dataset/Cook_some_food/g2.txt,slice some chicken,"['walk_executor(fridge_140)', 'switchoff_executor(fridge_140)', 'open_executor(fridge_140)', 'grab_e
xecutor(food_chicken_2050)', 'walk_executor(cutting_board_2080)', 'put_executor(food_chicken_2050, c
utting_board_2080)', 'walk_executor(knifeblock_52)', 'walk_executor(kitchen_counter_129)', 'walk_exe
cutor(cupboard_130)', 'walk_executor(cupboard_131)', 'open_executor(cupboard_131)', 'walk_executor(s
tove_2090)', 'open_executor(stove_2090)', 'walk_executor(oven_141)', 'open_executor(oven_141)', 'wal
k_executor(dishwasher_143)', 'open_executor(dishwasher_143)', 'grab_executor(knife_2036)', 'walk_exe
cutor(food_chicken_2050)', 'cut_executor(food_chicken_2050)']","Time consume: 80 seconds
Exp_helper query times: 1
Guidance query times: 0
library scale: 0
goal generate times: 1
goal correct times: 0
action_num: 20
",1,Scene_id: 2
cdl_dataset/dataset/Prepare_dinner/g7.txt,Cook a pot of fish soup.,"['walk_executor(kitchen_counter_128)', 'walk_executor(cupboard_130)', 'walk_executor(pot_54)', 'open
_executor(pot_54)', 'grab_executor(pot_54)', 'walk_executor(faucet_134)', 'switchoff_executor(faucet
_134)', 'walk_executor(fridge_140)', 'switchoff_executor(fridge_140)', 'open_executor(fridge_140)', 
'walk_executor(faucet_308)', 'switchoff_executor(faucet_308)', 'walk_executor(food_fish_2054)', 'gra
b_executor(food_fish_2054)', 'walk_executor(pot_54)', 'putin_executor(food_fish_2054, pot_54)', 'wal
k_executor(stove_2090)', 'put_executor(pot_54, stove_2090)', 'switchon_executor(stove_2090)', 'grab_
executor(pot_54)', 'walk_executor(faucet_134)', 'switchon_executor(faucet_134)', 'switchoff_executor
(faucet_134)', 'walk_executor(stove_2090)', 'put_executor(pot_54, stove_2090)', 'walk_executor(fauce
t_134)', 'walk_executor(stove_2090)']","Time consume: 193 seconds
Exp_helper query times: 0
Guidance query times: 0
library scale: 0
goal generate times: 8
goal correct times: 0
action_num: 27
","Keystate: k1 - Requires: 17 steps
Action Completion Rate: No actions required",Scene_id: 2
cdl_dataset/dataset/Drink/g5.txt,Use pot to boil some water.,"['walk_executor(cupboard_130)', 'walk_executor(pot_54)', 'open_executor(pot_54)', 'grab_executor(pot
_54)', 'walk_executor(faucet_134)', 'switchoff_executor(faucet_134)', 'walk_executor(stove_2090)', '
put_executor(pot_54, stove_2090)', 'switchon_executor(stove_2090)', 'grab_executor(pot_54)', 'walk_e
xecutor(faucet_308)', 'switchoff_executor(faucet_308)', 'walk_executor(stove_2090)', 'put_executor(p
ot_54, stove_2090)', 'grab_executor(pot_54)', 'walk_executor(faucet_134)', 'switchon_executor(faucet
_134)', 'switchoff_executor(faucet_134)', 'walk_executor(stove_2090)', 'put_executor(pot_54, stove_2
090)']","Time consume: 109 seconds
Exp_helper query times: 0
Guidance query times: 0
library scale: 0
goal generate times: 3
goal correct times: 0
action_num: 20
",1,Scene_id: 2
cdl_dataset/dataset/Wash_windows/g2.txt,Wipe all the windows in the house by towel.,"['walk_executor(shower_303)', 'walk_executor(bathtub_297)', 'walk_executor(towel_rack_299)', 'walk_e
xecutor(towel_rack_300)', 'walk_executor(bathroom_counter_306)', 'walk_executor(towel_rack_298)', 'w
alk_executor(towel_2083)', 'grab_executor(towel_2083)', 'walk_executor(window_2109)', 'wipe_executor
(window_2109)', 'walk_executor(window_40)', 'wipe_executor(window_40)', 'walk_executor(window_181)',
 'wipe_executor(window_181)', 'walk_executor(window_287)', 'wipe_executor(window_287)', 'walk_execut
or(window_346)', 'wipe_executor(window_346)']","Time consume: 94 seconds
Exp_helper query times: 0
Guidance query times: 0
library scale: 0
goal generate times: 1
goal correct times: 0
action_num: 18
",1,Scene_id: 2
cdl_dataset/dataset/Drink/g2.txt,Get a cup of water and freeze it.,"['walk_executor(kitchen_counter_128)', 'walk_executor(cupboard_130)', 'walk_executor(cupboard_131)',
 'open_executor(cupboard_131)', 'walk_executor(kitchen_counter_129)', 'walk_executor(microwave_149)'
, 'open_executor(microwave_149)', 'walk_executor(fridge_140)', 'switchoff_executor(fridge_140)', 'op
en_executor(fridge_140)', 'walk_executor(table_123)', 'walk_executor(cup_2087)', 'grab_executor(cup_
2087)', 'walk_executor(faucet_134)', 'switchoff_executor(faucet_134)', 'walk_executor(fridge_140)', 
'putin_executor(cup_2087, fridge_140)', 'walk_executor(faucet_134)', 'switchon_executor(faucet_134)'
, 'walk_executor(cup_2087)', 'grab_executor(cup_2087)', 'walk_executor(faucet_308)', 'switchoff_exec
utor(faucet_308)', 'walk_executor(fridge_140)', 'putin_executor(cup_2087, fridge_140)', 'close_execu
tor(fridge_140)', 'open_executor(fridge_140)', 'grab_executor(cup_2087)', 'walk_executor(faucet_134)
', 'switchoff_executor(faucet_134)', 'walk_executor(fridge_140)', 'putin_executor(cup_2087, fridge_1
40)', 'close_executor(fridge_140)']","Time consume: 156 seconds
Exp_helper query times: 1
Guidance query times: 0
library scale: 0
goal generate times: 3
goal correct times: 0
action_num: 33
",1,Scene_id: 2
cdl_dataset/dataset/Prepare_dinner/g1.txt,Boil some rice by pot.,"['walk_executor(cupboard_130)', 'walk_executor(pot_54)', 'open_executor(pot_54)', 'walk_executor(sto
ve_2090)', 'open_executor(stove_2090)', 'walk_executor(faucet_134)', 'walk_executor(cupboard_131)', 
'open_executor(cupboard_131)', 'walk_executor(pot_54)', 'walk_executor(stove_2090)', 'walk_executor(
faucet_134)', 'walk_executor(fridge_140)', 'switchoff_executor(fridge_140)', 'open_executor(fridge_1
40)', 'walk_executor(pot_54)', 'walk_executor(stove_2090)', 'walk_executor(faucet_134)', 'walk_execu
tor(food_rice_2067)', 'walk_executor(pot_54)', 'grab_executor(pot_54)', 'walk_executor(faucet_134)',
 'switchoff_executor(faucet_134)', 'walk_executor(food_rice_2067)', 'grab_executor(food_rice_2067)',
 'walk_executor(pot_54)', 'putin_executor(food_rice_2067, pot_54)', 'walk_executor(stove_2090)', 'pu
t_executor(pot_54, stove_2090)', 'switchon_executor(stove_2090)', 'walk_executor(faucet_134)', 'walk
_executor(pot_54)', 'grab_executor(pot_54)', 'walk_executor(faucet_308)', 'switchoff_executor(faucet
_308)', 'walk_executor(stove_2090)', 'put_executor(pot_54, stove_2090)', 'grab_executor(pot_54)', 'w
alk_executor(faucet_134)', 'switchon_executor(faucet_134)', 'switchoff_executor(faucet_134)', 'walk_
executor(stove_2090)', 'put_executor(pot_54, stove_2090)']","Time consume: 286 seconds
Exp_helper query times: 0
Guidance query times: 0
library scale: 0
goal generate times: 6
goal correct times: 0
action_num: 42
",1,Scene_id: 2
cdl_dataset/dataset/Pet_cat/g5.txt,Shower my cat in the sink. Use towel to dry my cat.,"['walk_executor(sink_307)', 'walk_executor(bathtub_297)', 'walk_executor(toilet_302)', 'open_executo
r(toilet_302)', 'walk_executor(bathroom_cabinet_305)', 'open_executor(bathroom_cabinet_305)', 'walk_
executor(shower_303)', 'walk_executor(basket_for_clothes_2040)', 'walk_executor(home_office_161)', '
walk_executor(couch_192)', 'walk_executor(cat_2082)', 'grab_executor(cat_2082)', 'walk_executor(fauc
et_134)', 'switchoff_executor(faucet_134)', 'switchon_executor(faucet_134)', 'wash_executor(cat_2082
)', 'switchoff_executor(faucet_134)', 'walk_executor(towel_rack_299)', 'walk_executor(towel_rack_298
)', 'walk_executor(towel_2083)', 'put_executor(cat_2082, towel_2083)']","Time consume: 194 seconds
Exp_helper query times: 1
Guidance query times: 0
library scale: 0
goal generate times: 6
goal correct times: 0
action_num: 21
","Keystate: k1 - Requires: 3 steps
Keystate: k2 - Requires: 1 steps
Action Completion Rate: 1.0",Scene_id: 2
cdl_dataset/dataset/Drink/g4.txt,Get a cup of milk and heat it by microwave.,"['walk_executor(fridge_140)', 'switchoff_executor(fridge_140)', 'open_executor(fridge_140)', 'walk_e
xecutor(milk_2074)', 'grab_executor(milk_2074)', 'walk_executor(fridge_140)', 'putin_executor(milk_2
074, fridge_140)', 'walk_executor(microwave_149)', 'open_executor(microwave_149)', 'walk_executor(mi
lk_2074)', 'grab_executor(milk_2074)', 'walk_executor(microwave_149)', 'putin_executor(milk_2074, mi
crowave_149)', 'close_executor(microwave_149)', 'switchon_executor(microwave_149)']","Time consume: 51 seconds
Exp_helper query times: 0
Guidance query times: 0
library scale: 0
goal generate times: 2
goal correct times: 0
action_num: 15
","Keystate: k1 - Requires: 10 steps
Action Completion Rate: No actions required",Scene_id: 2
cdl_dataset/dataset/Wash_clothes/g3.txt,Syntax Error,"['walk_executor(basket_for_clothes_2040)', 'walk_executor(washing_machine_2041)', 'open_executor(was
hing_machine_2041)', 'walk_executor(television_216)']","Time consume: 70 seconds
Exp_helper query times: 0
Guidance query times: 0
library scale: 0
goal generate times: 2
goal correct times: 0
action_num: 4
","Keystate: k1 - Requires: 7 steps
Action Completion Rate: 0.0",Scene_id: 2
cdl_dataset/dataset/Wash_windows/g1.txt,Open the windows in the bathroom.,"['walk_executor(window_287)', 'open_executor(window_287)']","Time consume: 18 seconds
Exp_helper query times: 0
Guidance query times: 0
library scale: 0
goal generate times: 1
goal correct times: 0
action_num: 2
",1,Scene_id: 2
cdl_dataset/dataset/Prepare_dinner/g3.txt,Cook bacon with the frying pan.,"['walk_executor(kitchen_counter_128)', 'walk_executor(cupboard_130)', 'walk_executor(cupboard_131)',
 'open_executor(cupboard_131)', 'walk_executor(fridge_140)', 'switchoff_executor(fridge_140)', 'open
_executor(fridge_140)', 'walk_executor(stove_2090)', 'open_executor(stove_2090)', 'walk_executor(foo
d_bacon_2044)', 'grab_executor(food_bacon_2044)', 'walk_executor(fryingpan_2107)', 'putin_executor(f
ood_bacon_2044, fryingpan_2107)', 'grab_executor(fryingpan_2107)', 'walk_executor(stove_2090)', 'put
_executor(fryingpan_2107, stove_2090)', 'switchon_executor(stove_2090)']","Time consume: 104 seconds
Exp_helper query times: 0
Guidance query times: 0
library scale: 0
goal generate times: 3
goal correct times: 0
action_num: 17
","Keystate: k1 - Requires: 4 steps
Action Completion Rate: No actions required",Scene_id: 2
cdl_dataset/dataset/Clean_the_bathroom/g1.txt,Clean the bathroom sink directly.,"['walk_executor(sink_133)', 'wipe_executor(sink_133) (Failed)', 'walk_executor(cleaning_solution_209
8)', 'grab_executor(cleaning_solution_2098)', 'walk_executor(bathroom_counter_306)', 'walk_executor(
sink_133)', 'walk_executor(towel_rack_298)', 'walk_executor(sink_133)', 'walk_executor(towel_2083)',
 'grab_executor(towel_2083)', 'walk_executor(sink_133)', 'scrub_executor(sink_133)', 'rinse_executor
(sink_133)']","Time consume: 76 seconds
Exp_helper query times: 0
Guidance query times: 0
library scale: 0
goal generate times: 3
goal correct times: 0
action_num: 13
",Action Completion Rate: 0.0,Scene_id: 2
cdl_dataset/dataset/Make_coffee/g2.txt,"make a cup of coffee using the coffee maker, then add milk and sugar.","['walk_executor(coffe_maker_147)', 'switchon_executor(coffe_maker_147)', 'walk_executor(cupboard_130
)', 'walk_executor(cupboard_131)', 'open_executor(cupboard_131)', 'walk_executor(kitchen_counter_128
)', 'walk_executor(kitchen_counter_132)', 'walk_executor(sink_133)', 'walk_executor(bench_125)', 'wa
lk_executor(table_123)', 'walk_executor(fridge_140)', 'switchoff_executor(fridge_140)', 'open_execut
or(fridge_140)', 'walk_executor(milk_2074)', 'grab_executor(milk_2074)', 'walk_executor(cup_2087)', 
'putin_executor(milk_2074, cup_2087)', 'walk_executor(food_sugar_2070)', 'grab_executor(food_sugar_2
070)', 'walk_executor(cup_2087)', 'putin_executor(food_sugar_2070, cup_2087)', 'walk_executor(coffe_
maker_147)', 'switchoff_executor(coffe_maker_147)', 'open_executor(coffe_maker_147)', 'walk_executor
(milk_2074)', 'grab_executor(milk_2074)', 'walk_executor(food_sugar_2070)', 'grab_executor(food_suga
r_2070)', 'putin_executor(milk_2074, cup_2087)', 'putin_executor(food_sugar_2070, cup_2087)', 'walk_
executor(coffe_maker_147)']","Time consume: 257 seconds
Exp_helper query times: 1
Guidance query times: 0
library scale: 0
goal generate times: 10
goal correct times: 0
action_num: 31
","Keystate: k1 - Requires: 6 steps
Action Completion Rate: No actions required",Scene_id: 2
cdl_dataset/dataset/Prepare_a_reading_space/g2.txt,Find the book and put it on the table in home office. Then turn on the light in the home office.,"['walk_executor(bookshelf_260)', 'open_executor(bookshelf_260)', 'walk_executor(bookshelf_136)', 'wa
lk_executor(book_2091)', 'grab_executor(book_2091)', 'walk_executor(table_193)', 'put_executor(book_
2091, table_193)', 'walk_executor(light_217)', 'switchon_executor(light_217)']","Time consume: 70 seconds
Exp_helper query times: 0
Guidance query times: 0
library scale: 0
goal generate times: 3
goal correct times: 0
action_num: 9
",1,Scene_id: 2
cdl_dataset/dataset/Drink/g3.txt,Get a cup of water and add some sliced kiwi inside.,"['walk_executor(faucet_134)', 'walk_executor(kitchen_counter_128)', 'walk_executor(faucet_134)', 'wa
lk_executor(cupboard_130)', 'walk_executor(faucet_134)', 'walk_executor(cupboard_131)', 'open_execut
or(cupboard_131)', 'walk_executor(faucet_134)', 'walk_executor(kitchen_counter_129)', 'walk_executor
(faucet_134)', 'walk_executor(sink_133)', 'walk_executor(faucet_134)', 'walk_executor(fridge_140)', 
'switchoff_executor(fridge_140)', 'open_executor(fridge_140)', 'walk_executor(faucet_134)', 'walk_ex
ecutor(table_123)', 'walk_executor(faucet_134)', 'walk_executor(cup_2087)', 'grab_executor(cup_2087)
', 'walk_executor(faucet_134)', 'switchoff_executor(faucet_134)', 'walk_executor(food_kiwi_2060)', '
grab_executor(food_kiwi_2060)', 'walk_executor(cutting_board_2080)', 'put_executor(food_kiwi_2060, c
utting_board_2080)', 'walk_executor(knifeblock_52)', 'walk_executor(faucet_308)', 'switchoff_executo
r(faucet_308)', 'walk_executor(window_2109)', 'open_executor(window_2109)', 'walk_executor(faucet_13
4)', 'switchon_executor(faucet_134)', 'switchoff_executor(faucet_134)', 'walk_executor(light_49)', '
walk_executor(faucet_134)', 'walk_executor(bench_125)', 'walk_executor(faucet_134)', 'walk_executor(
bench_126)', 'walk_executor(faucet_134)', 'walk_executor(dishwasher_143)', 'open_executor(dishwasher
_143)', 'walk_executor(faucet_134)', 'walk_executor(knife_2036)', 'grab_executor(knife_2036)', 'walk
_executor(food_kiwi_2060)', 'cut_executor(food_kiwi_2060)', 'grab_executor(food_kiwi_2060) (Failed)'
, 'walk_executor(kitchen_counter_128)', 'put_executor(cup_2087, kitchen_counter_128)', 'walk_executo
r(food_kiwi_2060)', 'grab_executor(food_kiwi_2060)', 'walk_executor(cup_2087)', 'putin_executor(food
_kiwi_2060, cup_2087)', 'walk_executor(faucet_134)', 'walk_executor(food_kiwi_2060)', 'grab_executor
(food_kiwi_2060)', 'walk_executor(cutting_board_2080)', 'put_executor(food_kiwi_2060, cutting_board_
2080)', 'walk_executor(food_kiwi_2060)', 'grab_executor(food_kiwi_2060)', 'walk_executor(cup_2087)',
 'putin_executor(food_kiwi_2060, cup_2087)', 'walk_executor(faucet_134)']","Time consume: 432 seconds
Exp_helper query times: 2
Guidance query times: 0
library scale: 0
goal generate times: 10
goal correct times: 0
action_num: 64
",1,Scene_id: 2
cdl_dataset/dataset/Prepare_dinner/g2.txt,Syntax Error,"['walk_executor(oven_141)', 'open_executor(oven_141)', 'walk_executor(fridge_140)', 'switchoff_execu
tor(fridge_140)', 'open_executor(fridge_140)', 'grab_executor(food_chicken_2050)', 'walk_executor(ov
en_141)', 'putin_executor(food_chicken_2050, oven_141)', 'close_executor(oven_141)', 'switchon_execu
tor(oven_141)', 'switchoff_executor(oven_141)', 'open_executor(oven_141)', 'close_executor(oven_141)
', 'switchon_executor(oven_141)', 'switchoff_executor(oven_141)', 'open_executor(oven_141)', 'close_
executor(oven_141)', 'switchon_executor(oven_141)']","Time consume: 787 seconds
Exp_helper query times: 0
Guidance query times: 3
library scale: 0
goal generate times: 52
goal correct times: 0
action_num: 18
","Keystate: k1 - Requires: 0 steps
Action Completion Rate: No actions required",Scene_id: 2
cdl_dataset/dataset/Put_groceries_in_Fridge/g2.txt,"Wash the fish at first. Then put milk, turkey, eggs, fish and chicken on one of the table in dining 
room.","['walk_executor(fridge_140)', 'switchoff_executor(fridge_140)', 'open_executor(fridge_140)', 'grab_e
xecutor(food_fish_2054)', 'wash_executor(food_fish_2054)', 'walk_executor(faucet_134)', 'switchoff_e
xecutor(faucet_134)', 'walk_executor(milk_2074)', 'grab_executor(milk_2074)', 'walk_executor(table_1
23)', 'put_executor(milk_2074, table_123)', 'walk_executor(food_turkey_2071)', 'grab_executor(food_t
urkey_2071)', 'walk_executor(table_123)', 'put_executor(food_turkey_2071, table_123)', 'walk_executo
r(food_egg_2053)', 'grab_executor(food_egg_2053)', 'walk_executor(table_123)', 'put_executor(food_eg
g_2053, table_123)', 'put_executor(food_fish_2054, table_123)', 'walk_executor(food_chicken_2050)', 
'grab_executor(food_chicken_2050)', 'walk_executor(table_123)', 'put_executor(food_chicken_2050, tab
le_123)']","Time consume: 122 seconds
Exp_helper query times: 0
Guidance query times: 0
library scale: 0
goal generate times: 2
goal correct times: 0
action_num: 24
","Keystate: k1 - Requires: 4 steps
Keystate: k2 - Requires: 0 steps
Action Completion Rate: 1.0",Scene_id: 2
cdl_dataset/dataset/Pet_cat/g1.txt,Find my cat and touch it,"['walk_executor(couch_192)', 'walk_executor(cat_2082)']","Time consume: 31 seconds
Exp_helper query times: 0
Guidance query times: 0
library scale: 0
goal generate times: 2
goal correct times: 0
action_num: 2
",Action Completion Rate: 0.0,Scene_id: 2
cdl_dataset/dataset/Prepare_breakfast/g5.txt,Prepare a cup of hot milk with cereal inside.,"['walk_executor(stove_2090)', 'switchon_executor(stove_2090)', 'walk_executor(cupboard_130)', 'walk_
executor(fridge_140)', 'switchoff_executor(fridge_140)', 'open_executor(fridge_140)', 'walk_executor
(pot_2093)', 'open_executor(pot_2093)', 'walk_executor(milk_2074)', 'grab_executor(milk_2074)', 'wal
k_executor(pot_2093)', 'putin_executor(milk_2074, pot_2093)', 'grab_executor(pot_2093)', 'walk_execu
tor(faucet_134)', 'switchoff_executor(faucet_134)', 'walk_executor(kitchen_counter_129)', 'walk_exec
utor(faucet_308)', 'switchoff_executor(faucet_308)', 'walk_executor(cupboard_131)', 'open_executor(c
upboard_131)', 'walk_executor(faucet_134)', 'switchon_executor(faucet_134)', 'switchoff_executor(fau
cet_134)', 'walk_executor(kitchen_counter_128)', 'walk_executor(drawing_296)', 'walk_executor(light_
217)', 'walk_executor(wallshelf_301)', 'walk_executor(table_123)', 'walk_executor(food_cereal_2048)'
, 'grab_executor(food_cereal_2048)', 'walk_executor(bowl_2095)', 'putin_executor(food_cereal_2048, b
owl_2095)', 'walk_executor(food_cereal_2048)', 'grab_executor(food_cereal_2048)', 'walk_executor(pot
_2093)', 'putin_executor(food_cereal_2048, pot_2093)', 'walk_executor(milk_2074)', 'grab_executor(mi
lk_2074)', 'walk_executor(cup_2087)', 'putin_executor(milk_2074, cup_2087)', 'walk_executor(food_cer
eal_2048)', 'grab_executor(food_cereal_2048)', 'walk_executor(cup_2087)', 'putin_executor(food_cerea
l_2048, cup_2087)', 'walk_executor(milk_2074)', 'grab_executor(milk_2074)', 'walk_executor(pot_2093)
', 'putin_executor(milk_2074, pot_2093)', 'walk_executor(milk_2074)', 'grab_executor(milk_2074)', 'w
alk_executor(cup_2087)', 'putin_executor(milk_2074, cup_2087)', 'putin_executor(pot_2093, cup_2087)'
]","Time consume: 306 seconds
Exp_helper query times: 1
Guidance query times: 0
library scale: 0
goal generate times: 4
goal correct times: 0
action_num: 53
","Keystate: k1 - Requires: 8 steps
Action Completion Rate: No actions required",Scene_id: 2
cdl_dataset/dataset/Write_an_email/g1.txt,Turn on the computer in home office.,"['walk_executor(computer_2110)', 'switchon_executor(computer_2110)']","Time consume: 21 seconds
Exp_helper query times: 0
Guidance query times: 0
library scale: 0
goal generate times: 1
goal correct times: 0
action_num: 2
","Keystate: k1 - Requires: 0 steps
Action Completion Rate: 0.0",Scene_id: 2
cdl_dataset/dataset/Iron_clothes/g4.txt,"Iron a shirt, and put it in on the bed.","['walk_executor(ironing_board_2099)', 'walk_executor(iron_2117)', 'plugin_executor(iron_2117)', 'swi
tchon_executor(iron_2117)', 'walk_executor(basket_for_clothes_2040)', 'grab_executor(clothes_shirt_2
114)', 'walk_executor(ironing_board_2099)', 'put_executor(clothes_shirt_2114, ironing_board_2099)', 
'walk_executor(clothes_shirt_2114)', 'grab_executor(clothes_shirt_2114)', 'walk_executor(bed_264)', 
'put_executor(clothes_shirt_2114, bed_264)', 'grab_executor(clothes_shirt_2114)', 'walk_executor(iro
ning_board_2099)', 'put_executor(clothes_shirt_2114, ironing_board_2099)', 'walk_executor(clothes_sh
irt_2114)', 'grab_executor(clothes_shirt_2114)', 'walk_executor(bed_264)', 'put_executor(clothes_shi
rt_2114, bed_264)', 'grab_executor(clothes_shirt_2114)', 'walk_executor(ironing_board_2099)', 'put_e
xecutor(clothes_shirt_2114, ironing_board_2099)', 'walk_executor(clothes_shirt_2114)', 'grab_executo
r(clothes_shirt_2114)', 'walk_executor(bed_264)', 'put_executor(clothes_shirt_2114, bed_264)']","Time consume: 191 seconds
Exp_helper query times: 0
Guidance query times: 0
library scale: 0
goal generate times: 7
goal correct times: 0
action_num: 26
","Keystate: k1 - Requires: 6 steps
Keystate: k2 - Requires: 0 steps
Action Completion Rate: 0.0",Scene_id: 2
cdl_dataset/dataset/Iron_clothes/g6.txt,"Iron the shirt and the skirt, and place them on the bed.","['walk_executor(basket_for_clothes_2040)', 'grab_executor(clothes_shirt_2114)', 'wash_executor(cloth
es_shirt_2114)', 'walk_executor(faucet_134)', 'switchoff_executor(faucet_134)', 'walk_executor(bed_2
64)', 'put_executor(clothes_shirt_2114, bed_264)', 'walk_executor(clothes_skirt_2116)', 'grab_execut
or(clothes_skirt_2116)', 'wash_executor(clothes_skirt_2116)', 'walk_executor(faucet_308)', 'switchof
f_executor(faucet_308)', 'walk_executor(bed_264)', 'put_executor(clothes_skirt_2116, bed_264)', 'wal
k_executor(clothes_shirt_2114)', 'grab_executor(clothes_shirt_2114)', 'walk_executor(ironing_board_2
099)', 'put_executor(clothes_shirt_2114, ironing_board_2099)', 'walk_executor(clothes_shirt_2114)', 
'grab_executor(clothes_shirt_2114)', 'walk_executor(bed_264)', 'put_executor(clothes_shirt_2114, bed
_264)', 'grab_executor(clothes_skirt_2116)', 'walk_executor(ironing_board_2099)', 'put_executor(clot
hes_skirt_2116, ironing_board_2099)', 'walk_executor(clothes_skirt_2116)', 'grab_executor(clothes_sk
irt_2116)', 'walk_executor(bed_264)', 'put_executor(clothes_skirt_2116, bed_264)']","Time consume: 147 seconds
Exp_helper query times: 0
Guidance query times: 0
library scale: 0
goal generate times: 2
goal correct times: 0
action_num: 29
","Keystate: k1 - Requires: 10 steps
Keystate: k2 - Requires: 9 steps
Keystate: k3 - Requires: 0 steps
Keystate: k4 - Requires: 0 steps
Action Completion Rate: 0.0",Scene_id: 2
cdl_dataset/dataset/Prepare_a_reading_space/g1.txt,Find the book and put it on the coffee table in home office.,"['walk_executor(bookshelf_260)', 'open_executor(bookshelf_260)', 'walk_executor(bookshelf_136)', 'wa
lk_executor(book_2091)', 'open_executor(book_2091)', 'grab_executor(book_2091)', 'walk_executor(tabl
e_123)', 'put_executor(book_2091, table_123)', 'grab_executor(book_2091)', 'walk_executor(table_193)
', 'put_executor(book_2091, table_193)']","Time consume: 119 seconds
Exp_helper query times: 0
Guidance query times: 0
library scale: 0
goal generate times: 7
goal correct times: 0
action_num: 11
",1,Scene_id: 2
cdl_dataset/dataset/Listen_to_music/g2.txt,Turn on the dvd player.,"['walk_executor(tvstand_186)', 'walk_executor(tvstand_135)', 'walk_executor(dvd_player_2085)', 'plug
in_executor(dvd_player_2085)', 'switchon_executor(dvd_player_2085)']","Time consume: 30 seconds
Exp_helper query times: 0
Guidance query times: 0
library scale: 0
goal generate times: 1
goal correct times: 0
action_num: 5
",1,Scene_id: 2
cdl_dataset/dataset/Put_groceries_in_Fridge/g4.txt,"Cut the chicken into pieces, then put back to the fridge.","['walk_executor(fridge_140)', 'switchoff_executor(fridge_140)', 'open_executor(fridge_140)', 'grab_e
xecutor(food_chicken_2050)', 'walk_executor(cutting_board_2080)', 'put_executor(food_chicken_2050, c
utting_board_2080)', 'walk_executor(knifeblock_52)', 'walk_executor(kitchen_counter_129)', 'walk_exe
cutor(cupboard_130)', 'walk_executor(cupboard_131)', 'open_executor(cupboard_131)', 'walk_executor(w
allshelf_301)', 'walk_executor(wallshelf_190)', 'walk_executor(dishwasher_143)', 'open_executor(dish
washer_143)', 'grab_executor(knife_2036)', 'walk_executor(food_chicken_2050)', 'cut_executor(food_ch
icken_2050)', 'grab_executor(food_chicken_2050)', 'walk_executor(fridge_140)', 'putin_executor(food_
chicken_2050, fridge_140)', 'close_executor(fridge_140)']","Time consume: 122 seconds
Exp_helper query times: 1
Guidance query times: 0
library scale: 0
goal generate times: 2
goal correct times: 0
action_num: 22
",1,Scene_id: 2
cdl_dataset/dataset/Change_TV_channel/g1.txt,Turn on the TV by touching the remote control.,"['walk_executor(television_216)', 'walk_executor(tvstand_135)', 'walk_executor(remote_control_2081)'
, 'touch_executor(remote_control_2081)', 'walk_executor(television_216)', 'switchon_executor(televis
ion_216)']","Time consume: 45 seconds
Exp_helper query times: 0
Guidance query times: 0
library scale: 0
goal generate times: 3
goal correct times: 0
action_num: 6
",1,Scene_id: 2
cdl_dataset/dataset/Cook_some_food/g4.txt,Boil some vegetables with pot. Then store the whole pot in the fridge.,"['walk_executor(cupboard_130)', 'walk_executor(pot_54)', 'open_executor(pot_54)', 'grab_executor(pot
_54)', 'walk_executor(faucet_134)', 'switchoff_executor(faucet_134)', 'walk_executor(kitchen_counter
_128)', 'walk_executor(faucet_308)', 'switchoff_executor(faucet_308)', 'walk_executor(fridge_140)', 
'switchoff_executor(fridge_140)', 'open_executor(fridge_140)', 'walk_executor(faucet_134)', 'switcho
n_executor(faucet_134)', 'switchoff_executor(faucet_134)', 'walk_executor(food_vegetable_2072)', 'gr
ab_executor(food_vegetable_2072)', 'walk_executor(pot_54)', 'putin_executor(food_vegetable_2072, pot
_54)', 'walk_executor(stove_2090)', 'switchon_executor(stove_2090)', 'put_executor(pot_54, stove_209
0)', 'walk_executor(pot_54)', 'grab_executor(pot_54)', 'walk_executor(fridge_140)', 'putin_executor(
pot_54, fridge_140)', 'close_executor(fridge_140)']","Time consume: 162 seconds
Exp_helper query times: 0
Guidance query times: 0
library scale: 0
goal generate times: 4
goal correct times: 0
action_num: 27
","Keystate: k1 - Requires: 4 steps
Keystate: k2 - Requires: 10 steps
Keystate: k3 - Requires: 2 steps
Action Completion Rate: 1.0",Scene_id: 2
cdl_dataset/dataset/Turn_on_light/g2.txt,Turn on the lights in the bedroom. Then turn on the lights in the bathroom.,"['walk_executor(light_258)', 'switchon_executor(light_258)', 'walk_executor(light_325)', 'switchon_e
xecutor(light_325)']","Time consume: 28 seconds
Exp_helper query times: 0
Guidance query times: 0
library scale: 0
goal generate times: 2
goal correct times: 0
action_num: 4
",1,Scene_id: 2
cdl_dataset/dataset/Drink/g6.txt,Syntax Error,"['walk_executor(fridge_140)', 'switchoff_executor(fridge_140)', 'open_executor(fridge_140)', 'grab_e
xecutor(food_lemon_2061)', 'walk_executor(cutting_board_2080)', 'put_executor(food_lemon_2061, cutti
ng_board_2080)', 'walk_executor(knifeblock_52)', 'walk_executor(kitchen_counter_129)', 'walk_executo
r(cupboard_130)', 'walk_executor(cupboard_131)', 'open_executor(cupboard_131)', 'walk_executor(micro
wave_149)', 'open_executor(microwave_149)', 'walk_executor(stove_2090)', 'open_executor(stove_2090)'
, 'walk_executor(dishwasher_143)', 'open_executor(dishwasher_143)', 'grab_executor(knife_2036)', 'wa
lk_executor(food_lemon_2061)', 'cut_executor(food_lemon_2061)', 'walk_executor(oven_141)', 'open_exe
cutor(oven_141)', 'walk_executor(sink_133)', 'walk_executor(pot_2093)', 'open_executor(pot_2093)', '
walk_executor(table_127)', 'walk_executor(bowl_2096)']","Time consume: 190 seconds
Exp_helper query times: 2
Guidance query times: 0
library scale: 0
goal generate times: 1
goal correct times: 0
action_num: 27
","Keystate: k1 - Requires: 12 steps
Action Completion Rate: No actions required",Scene_id: 2
cdl_dataset/dataset/Listen_to_music/g1.txt,Insert a CD and play music using the CD player.,"['walk_executor(home_office_161)', 'walk_executor(home_office_161)', 'walk_executor(home_office_161)
', 'walk_executor(home_office_161)', 'walk_executor(home_office_161)', 'walk_executor(home_office_16
1)', 'walk_executor(tvstand_135)', 'walk_executor(television_216)', 'walk_executor(cd_player_2084)',
 'open_executor(cd_player_2084)', 'walk_executor(cd_2100)', 'grab_executor(cd_2100)', 'walk_executor
(cd_player_2084)', 'putin_executor(cd_2100, cd_player_2084)', 'plugin_executor(cd_player_2084)', 'cl
ose_executor(cd_player_2084)', 'switchon_executor(cd_player_2084)']","Time consume: 101 seconds
Exp_helper query times: 1
Guidance query times: 0
library scale: 0
goal generate times: 1
goal correct times: 0
action_num: 17
",1,Scene_id: 2
cdl_dataset/dataset/Iron_clothes/g5.txt,Iron the shirt and the skirt.,"['walk_executor(ironing_board_2099)', 'walk_executor(iron_2117)', 'plugin_executor(iron_2117)', 'swi
tchon_executor(iron_2117)', 'walk_executor(basket_for_clothes_2040)', 'grab_executor(clothes_shirt_2
114)', 'walk_executor(ironing_board_2099)', 'put_executor(clothes_shirt_2114, ironing_board_2099)', 
'walk_executor(clothes_shirt_2114)', 'grab_executor(clothes_shirt_2114)', 'wash_executor(clothes_shi
rt_2114)', 'walk_executor(faucet_308)', 'switchoff_executor(faucet_308)', 'walk_executor(clothes_ski
rt_2116)', 'grab_executor(clothes_skirt_2116)', 'walk_executor(ironing_board_2099)', 'put_executor(c
lothes_skirt_2116, ironing_board_2099)', 'walk_executor(clothes_skirt_2116)', 'grab_executor(clothes
_skirt_2116)', 'wash_executor(clothes_skirt_2116)', 'walk_executor(kitchen_counter_132)', 'put_execu
tor(clothes_shirt_2114, kitchen_counter_132)', 'switchoff_executor(faucet_134)', 'grab_executor(clot
hes_shirt_2114)', 'walk_executor(ironing_board_2099)', 'put_executor(clothes_shirt_2114, ironing_boa
rd_2099)', 'put_executor(clothes_skirt_2116, ironing_board_2099)', 'grab_executor(clothes_shirt_2114
)', 'walk_executor(iron_2117)', 'grab_executor(iron_2117)', 'walk_executor(clothes_shirt_2114)', 'pu
t_executor(iron_2117, clothes_shirt_2114)', 'walk_executor(clothes_skirt_2116)', 'grab_executor(clot
hes_skirt_2116)', 'walk_executor(kitchen_counter_128)', 'put_executor(clothes_shirt_2114, kitchen_co
unter_128)', 'walk_executor(iron_2117)', 'grab_executor(iron_2117)', 'walk_executor(clothes_skirt_21
16)', 'put_executor(iron_2117, clothes_skirt_2116)']","Time consume: 297 seconds
Exp_helper query times: 0
Guidance query times: 0
library scale: 0
goal generate times: 8
goal correct times: 0
action_num: 40
","Keystate: k1 - Requires: 8 steps
Keystate: k2 - Requires: 2 steps
Action Completion Rate: 0.0",Scene_id: 2
cdl_dataset/dataset/Prepare_breakfast/g4.txt,"Make chicken pasta, put it in a plate.","['walk_executor(cupboard_130)', 'walk_executor(fridge_140)', 'switchoff_executor(fridge_140)', 'open
_executor(fridge_140)', 'walk_executor(pot_54)', 'open_executor(pot_54)', 'walk_executor(food_chicke
n_2050)', 'grab_executor(food_chicken_2050)', 'walk_executor(pot_54)', 'putin_executor(food_chicken_
2050, pot_54)', 'walk_executor(dry_pasta_2073)', 'grab_executor(dry_pasta_2073)', 'walk_executor(pot
_54)', 'putin_executor(dry_pasta_2073, pot_54)', 'grab_executor(pot_54)', 'walk_executor(stove_2090)
', 'put_executor(pot_54, stove_2090)', 'switchon_executor(stove_2090)', 'walk_executor(cupboard_130)
', 'walk_executor(cupboard_131)', 'open_executor(cupboard_131)', 'walk_executor(walllamp_290)', 'wal
k_executor(dresser_377)', 'walk_executor(wallshelf_301)', 'walk_executor(wallshelf_187)', 'walk_exec
utor(table_127)', 'walk_executor(food_chicken_2050)', 'grab_executor(food_chicken_2050)', 'walk_exec
utor(plate_2105)', 'put_executor(food_chicken_2050, plate_2105)', 'walk_executor(dry_pasta_2073)', '
grab_executor(dry_pasta_2073)', 'walk_executor(plate_2105)', 'put_executor(dry_pasta_2073, plate_210
5)']","Time consume: 214 seconds
Exp_helper query times: 1
Guidance query times: 0
library scale: 0
goal generate times: 1
goal correct times: 0
action_num: 34
","Keystate: k1 - Requires: 10 steps
Keystate: k2 - Requires: 11 steps
Keystate: k3 - Requires: 6 steps
Keystate: k4 - Requires: 0 steps
Action Completion Rate: No actions required",Scene_id: 2
cdl_dataset/dataset/Prepare_breakfast/g3.txt,Boil egg.,"['walk_executor(cupboard_130)', 'walk_executor(fridge_140)', 'switchoff_executor(fridge_140)', 'open
_executor(fridge_140)', 'walk_executor(pot_54)', 'open_executor(pot_54)', 'walk_executor(food_egg_20
53)', 'grab_executor(food_egg_2053)', 'walk_executor(pot_54)', 'putin_executor(food_egg_2053, pot_54
)', 'grab_executor(pot_54)', 'walk_executor(faucet_134)', 'switchoff_executor(faucet_134)', 'walk_ex
ecutor(stove_2090)', 'switchon_executor(stove_2090)', 'walk_executor(faucet_308)', 'switchoff_execut
or(faucet_308)', 'walk_executor(stove_2090)', 'walk_executor(faucet_134)', 'switchon_executor(faucet
_134)', 'switchoff_executor(faucet_134)', 'walk_executor(stove_2090)', 'put_executor(pot_54, stove_2
090)']","Time consume: 136 seconds
Exp_helper query times: 0
Guidance query times: 0
library scale: 0
goal generate times: 5
goal correct times: 0
action_num: 23
",1,Scene_id: 2
cdl_dataset/dataset/Wash_dishes_with_dishwasher/g1.txt,wash all the bowls and the plates with dishwasher,"['walk_executor(dishwasher_143)', 'switchon_executor(dishwasher_143)', 'walk_executor(cupboard_130)'
, 'walk_executor(cupboard_131)', 'open_executor(cupboard_131)', 'walk_executor(sink_133)', 'walk_exe
cutor(kitchen_counter_128)', 'walk_executor(kitchen_counter_129)', 'walk_executor(wallshelf_301)', '
walk_executor(table_123)', 'walk_executor(dishwasher_143)', 'switchoff_executor(dishwasher_143)', 'o
pen_executor(dishwasher_143)', 'walk_executor(bowl_2095)', 'grab_executor(bowl_2095)', 'walk_executo
r(dishwasher_143)', 'putin_executor(bowl_2095, dishwasher_143)', 'walk_executor(table_123)', 'walk_e
xecutor(homework_2011)', 'walk_executor(table_127)', 'walk_executor(bowl_2096)', 'grab_executor(bowl
_2096)', 'walk_executor(dishwasher_143)', 'putin_executor(bowl_2096, dishwasher_143)', 'walk_executo
r(bowl_2097)', 'grab_executor(bowl_2097)', 'walk_executor(dishwasher_143)', 'putin_executor(bowl_209
7, dishwasher_143)', 'walk_executor(plate_2105)', 'grab_executor(plate_2105)', 'walk_executor(dishwa
sher_143)', 'putin_executor(plate_2105, dishwasher_143)', 'close_executor(dishwasher_143)', 'switcho
n_executor(dishwasher_143)']","Time consume: 182 seconds
Exp_helper query times: 1
Guidance query times: 0
library scale: 0
goal generate times: 2
goal correct times: 0
action_num: 34
",1,Scene_id: 2
cdl_dataset/dataset/Pet_cat/g3.txt,"Prepare a bowl of water and put the bowl on the table in home office. Then find my cat put it on the
 table.","['walk_executor(kitchen_counter_128)', 'walk_executor(cupboard_130)', 'walk_executor(cupboard_131)',
 'open_executor(cupboard_131)', 'walk_executor(kitchen_counter_132)', 'walk_executor(kitchen_counter
_129)', 'walk_executor(sink_133)', 'walk_executor(home_office_161)', 'walk_executor(table_123)', 'wa
lk_executor(bowl_2095)', 'grab_executor(bowl_2095)', 'walk_executor(faucet_134)', 'switchoff_executo
r(faucet_134)', 'walk_executor(table_193)', 'put_executor(bowl_2095, table_193)', 'grab_executor(bow
l_2095)', 'walk_executor(faucet_308)', 'switchoff_executor(faucet_308)', 'walk_executor(table_193)',
 'put_executor(bowl_2095, table_193)', 'grab_executor(bowl_2095)', 'walk_executor(faucet_134)', 'swi
tchon_executor(faucet_134)', 'switchoff_executor(faucet_134)', 'walk_executor(table_193)', 'put_exec
utor(bowl_2095, table_193)', 'walk_executor(home_office_161)', 'walk_executor(couch_192)', 'walk_exe
cutor(cat_2082)', 'grab_executor(cat_2082)', 'walk_executor(table_193)', 'put_executor(cat_2082, tab
le_193)']","Time consume: 208 seconds
Exp_helper query times: 2
Guidance query times: 0
library scale: 0
goal generate times: 1
goal correct times: 0
action_num: 32
",1,Scene_id: 2
cdl_dataset/dataset/Cook_some_food/g1.txt,Boil vegetables with a pot on the stove.,"['walk_executor(cupboard_130)', 'walk_executor(pot_54)', 'open_executor(pot_54)', 'grab_executor(pot
_54)', 'walk_executor(faucet_134)', 'switchoff_executor(faucet_134)', 'walk_executor(fridge_140)', '
switchoff_executor(fridge_140)', 'open_executor(fridge_140)', 'walk_executor(faucet_308)', 'switchof
f_executor(faucet_308)', 'walk_executor(food_vegetable_2072)', 'grab_executor(food_vegetable_2072)',
 'walk_executor(pot_54)', 'putin_executor(food_vegetable_2072, pot_54)', 'walk_executor(stove_2090)'
, 'put_executor(pot_54, stove_2090)', 'switchon_executor(stove_2090)', 'grab_executor(pot_54)', 'wal
k_executor(faucet_134)', 'switchon_executor(faucet_134)', 'switchoff_executor(faucet_134)', 'walk_ex
ecutor(stove_2090)', 'put_executor(pot_54, stove_2090)', 'walk_executor(faucet_134)', 'switchon_exec
utor(faucet_134)', 'switchoff_executor(faucet_134)']","Time consume: 263 seconds
Exp_helper query times: 0
Guidance query times: 0
library scale: 0
goal generate times: 11
goal correct times: 0
action_num: 27
","Keystate: k1 - Requires: 8 steps
Keystate: k2 - Requires: 6 steps
Action Completion Rate: 1.0",Scene_id: 2
cdl_dataset/dataset/Prepare_dinner/g4.txt,Fried rice with egg.,"['walk_executor(kitchen_counter_128)', 'walk_executor(cupboard_130)', 'walk_executor(fridge_140)', '
switchoff_executor(fridge_140)', 'open_executor(fridge_140)', 'walk_executor(pot_54)', 'open_executo
r(pot_54)', 'walk_executor(food_rice_2067)', 'grab_executor(food_rice_2067)', 'walk_executor(pot_54)
', 'putin_executor(food_rice_2067, pot_54)', 'walk_executor(cupboard_131)', 'open_executor(cupboard_
131)', 'walk_executor(stove_2090)', 'open_executor(stove_2090)', 'walk_executor(food_egg_2053)', 'gr
ab_executor(food_egg_2053)', 'walk_executor(fryingpan_2107)', 'putin_executor(food_egg_2053, fryingp
an_2107)', 'walk_executor(stove_2090)', 'switchon_executor(stove_2090)']","Time consume: 199 seconds
Exp_helper query times: 0
Guidance query times: 0
library scale: 0
goal generate times: 4
goal correct times: 0
action_num: 21
","Keystate: k1 - Requires: 6 steps
Keystate: k2 - Requires: 12 steps
Action Completion Rate: No actions required",Scene_id: 2
cdl_dataset/dataset/Cook_some_food/g3.txt,Boil some vegetables. Then cool them in a bowl.,"['walk_executor(cupboard_130)', 'walk_executor(fridge_140)', 'switchoff_executor(fridge_140)', 'open
_executor(fridge_140)', 'walk_executor(pot_54)', 'open_executor(pot_54)', 'walk_executor(food_vegeta
ble_2072)', 'grab_executor(food_vegetable_2072)', 'walk_executor(pot_54)', 'putin_executor(food_vege
table_2072, pot_54)', 'grab_executor(pot_54)', 'walk_executor(faucet_134)', 'switchoff_executor(fauc
et_134)', 'walk_executor(stove_2090)', 'switchon_executor(stove_2090)', 'walk_executor(cupboard_130)
', 'walk_executor(faucet_308)', 'switchoff_executor(faucet_308)', 'walk_executor(cupboard_131)', 'op
en_executor(cupboard_131)', 'walk_executor(faucet_134)', 'switchon_executor(faucet_134)', 'switchoff
_executor(faucet_134)', 'walk_executor(bookshelf_260)', 'open_executor(bookshelf_260)', 'walk_execut
or(dresser_377)', 'walk_executor(kitchen_counter_128)', 'walk_executor(powersocket_259)', 'walk_exec
utor(table_127)', 'walk_executor(food_vegetable_2072)', 'grab_executor(food_vegetable_2072)', 'walk_
executor(bowl_2096)', 'putin_executor(food_vegetable_2072, bowl_2096)', 'walk_executor(stove_2090)',
 'put_executor(pot_54, stove_2090)', 'walk_executor(food_vegetable_2072)', 'grab_executor(food_veget
able_2072)', 'walk_executor(pot_54)', 'putin_executor(food_vegetable_2072, pot_54)', 'walk_executor(
food_vegetable_2072)', 'grab_executor(food_vegetable_2072)', 'walk_executor(bowl_2096)', 'putin_exec
utor(food_vegetable_2072, bowl_2096)']","Time consume: 384 seconds
Exp_helper query times: 1
Guidance query times: 0
library scale: 0
goal generate times: 6
goal correct times: 0
action_num: 43
","Keystate: k1 - Requires: 0 steps
Keystate: k2 - Requires: 10 steps
Keystate: k3 - Requires: 2 steps
Action Completion Rate: 1.0",Scene_id: 2
cdl_dataset/dataset/Clean_the_bathroom/g3.txt,Wipe the toilet with toilet paper. Then throw it into the toilet.,"['walk_executor(toilet_302)', 'open_executor(toilet_302)', 'walk_executor(toilet_paper_2118)', 'grab
_executor(toilet_paper_2118)', 'walk_executor(toilet_302)', 'putin_executor(toilet_paper_2118, toile
t_302)', 'grab_executor(toilet_paper_2118)', 'wipe_executor(toilet_302)', 'putin_executor(toilet_pap
er_2118, toilet_302)']","Time consume: 67 seconds
Exp_helper query times: 0
Guidance query times: 0
library scale: 0
goal generate times: 3
goal correct times: 0
action_num: 9
",1,Scene_id: 2
Task Category,Content,Executed Actions,Info,Success Rate,Task Path
cdl_dataset/dataset/Prepare_breakfast/g1.txt,Slice and toast bread.,"['walk_executor(kitchen_counter_132)', 'walk_executor(cupboard_130)', 'walk_executor(toaster_144)', 
'open_executor(toaster_144)', 'walk_executor(fridge_140)', 'switchoff_executor(fridge_140)', 'open_e
xecutor(fridge_140)', 'walk_executor(oven_141)', 'open_executor(oven_141)', 'walk_executor(cupboard_
131)', 'open_executor(cupboard_131)', 'walk_executor(filing_cabinet_378)', 'grab_executor(food_bread
_2016)', 'walk_executor(cutting_board_2080)', 'put_executor(food_bread_2016, cutting_board_2080)', '
walk_executor(knifeblock_52)', 'walk_executor(bathtub_297)', 'walk_executor(walllamp_289)', 'walk_ex
ecutor(walllamp_290)', 'walk_executor(walllamp_184)', 'walk_executor(dishwasher_143)', 'open_executo
r(dishwasher_143)', 'grab_executor(knife_2036)', 'walk_executor(food_bread_2016)', 'cut_executor(foo
d_bread_2016)', 'grab_executor(food_bread_2016)', 'walk_executor(toaster_144)', 'putin_executor(food
_bread_2016, toaster_144)', 'close_executor(toaster_144)', 'switchon_executor(toaster_144)']","Time consume: 157 seconds
Exp_helper query times: 2
Guidance query times: 0
library scale: 0
goal generate times: 1
goal correct times: 0
action_num: 30
",1,Scene_id: 2
cdl_dataset/dataset/Drink/g1.txt,Get a cup of water.,"['walk_executor(sink_307)', 'walk_executor(kitchen_counter_132)', 'walk_executor(cupboard_130)', 'wa
lk_executor(cupboard_131)', 'open_executor(cupboard_131)', 'walk_executor(kitchen_counter_129)', 'wa
lk_executor(kitchen_counter_128)', 'walk_executor(table_123)', 'walk_executor(cup_2087)', 'grab_exec
utor(cup_2087)', 'walk_executor(faucet_134)', 'switchoff_executor(faucet_134)', 'walk_executor(fauce
t_308)', 'switchoff_executor(faucet_308)', 'switchon_executor(faucet_308)', 'switchoff_executor(fauc
et_308)']","Time consume: 154 seconds
Exp_helper query times: 1
Guidance query times: 0
library scale: 0
goal generate times: 5
goal correct times: 0
action_num: 16
",1,Scene_id: 2
cdl_dataset/dataset/Cook_some_food/g7.txt,Get a bowl of ice cream and add some jam on the top.,"['walk_executor(kitchen_counter_132)', 'walk_executor(cupboard_130)', 'walk_executor(cupboard_131)',
 'open_executor(cupboard_131)', 'walk_executor(kitchen_counter_129)', 'walk_executor(window_181)', '
open_executor(window_181)', 'walk_executor(kitchen_counter_128)', 'walk_executor(table_123)', 'walk_
executor(fridge_140)', 'switchoff_executor(fridge_140)', 'open_executor(fridge_140)', 'grab_executor
(food_ice_cream_2058)', 'walk_executor(bowl_2095)', 'putin_executor(food_ice_cream_2058, bowl_2095)'
, 'walk_executor(food_jam_2059)', 'grab_executor(food_jam_2059)', 'walk_executor(food_ice_cream_2058
)', 'put_executor(food_jam_2059, food_ice_cream_2058)']","Time consume: 123 seconds
Exp_helper query times: 1
Guidance query times: 0
library scale: 0
goal generate times: 1
goal correct times: 0
action_num: 19
",1,Scene_id: 2
cdl_dataset/dataset/Wash_clothes/g1.txt,Wash all the clothes in the basket for clothes by washing machine.,"['walk_executor(washing_machine_2041)', 'plugin_executor(washing_machine_2041)', 'switchon_executor(
washing_machine_2041)']","Time consume: 1677 seconds
Exp_helper query times: 0
Guidance query times: 3
library scale: 0
goal generate times: 49
goal correct times: 0
action_num: 3
","Keystate: k1 - Requires: 20 steps
Action Completion Rate: No actions required",Scene_id: 2
cdl_dataset/dataset/Cook_some_food/g6.txt,"Slice apple, kiwi, and banana. Then put them on a plate.","['walk_executor(kitchen_counter_132)', 'walk_executor(kitchen_counter_129)', 'walk_executor(cupboard
_130)', 'walk_executor(fridge_140)', 'switchoff_executor(fridge_140)', 'open_executor(fridge_140)', 
'grab_executor(food_apple_2043)', 'walk_executor(cutting_board_2080)', 'put_executor(food_apple_2043
, cutting_board_2080)', 'walk_executor(knifeblock_52)', 'walk_executor(curtain_304)', 'open_executor
(curtain_304)', 'walk_executor(walllamp_291)', 'walk_executor(dishwasher_143)', 'open_executor(dishw
asher_143)', 'grab_executor(knife_2036)', 'walk_executor(food_apple_2043)', 'cut_executor(food_apple
_2043)', 'walk_executor(food_banana_2045)', 'grab_executor(food_banana_2045)', 'walk_executor(cuttin
g_board_2080)', 'put_executor(food_banana_2045, cutting_board_2080)', 'walk_executor(food_banana_204
5)', 'cut_executor(food_banana_2045)', 'walk_executor(food_kiwi_2060)', 'grab_executor(food_kiwi_206
0)', 'walk_executor(cutting_board_2080)', 'put_executor(food_kiwi_2060, cutting_board_2080)', 'walk_
executor(food_kiwi_2060)', 'cut_executor(food_kiwi_2060)', 'walk_executor(table_193)', 'walk_executo
r(table_127)', 'walk_executor(food_apple_2043)', 'grab_executor(food_apple_2043)', 'walk_executor(pl
ate_2105)', 'put_executor(food_apple_2043, plate_2105)', 'walk_executor(food_banana_2045)', 'grab_ex
ecutor(food_banana_2045)', 'walk_executor(plate_2105)', 'put_executor(food_banana_2045, plate_2105)'
, 'walk_executor(food_kiwi_2060)', 'grab_executor(food_kiwi_2060)', 'walk_executor(plate_2105)', 'pu
t_executor(food_kiwi_2060, plate_2105)']","Time consume: 168 seconds
Exp_helper query times: 1
Guidance query times: 0
library scale: 0
goal generate times: 1
goal correct times: 0
action_num: 44
","Keystate: k1 - Requires: 7 steps
Action Completion Rate: No actions required",Scene_id: 2
cdl_dataset/dataset/Prepare_breakfast/g2.txt,Scramble egg by the fryingpan.,"['walk_executor(stove_2090)', 'open_executor(stove_2090)', 'walk_executor(kitchen_counter_132)', 'wa
lk_executor(fridge_140)', 'switchoff_executor(fridge_140)', 'open_executor(fridge_140)', 'grab_execu
tor(food_egg_2053)', 'walk_executor(fryingpan_2107)', 'put_executor(food_egg_2053, fryingpan_2107)']","Time consume: 75 seconds
Exp_helper query times: 0
Guidance query times: 0
library scale: 0
goal generate times: 3
goal correct times: 0
action_num: 9
","Keystate: k1 - Requires: 10 steps
Keystate: k2 - Requires: 8 steps
Action Completion Rate: No actions required",Scene_id: 2
cdl_dataset/dataset/Prepare_a_reading_space/g3.txt,Find a book and put it on the coffe table in home office. Then open the window in the home office.,"['walk_executor(bookshelf_372)', 'open_executor(bookshelf_372)', 'walk_executor(bookshelf_188)', 'op
en_executor(bookshelf_188)', 'walk_executor(bookshelf_189)', 'open_executor(bookshelf_189)', 'walk_e
xecutor(bookshelf_137)', 'open_executor(bookshelf_137)', 'walk_executor(book_2092)', 'grab_executor(
book_2092)', 'walk_executor(table_193)', 'put_executor(book_2092, table_193)', 'walk_executor(window
_181)', 'open_executor(window_181)', 'walk_executor(bookshelf_260)', 'open_executor(bookshelf_260)',
 'walk_executor(bookshelf_136)', 'walk_executor(dresser_377)', 'grab_executor(novel_2010)', 'walk_ex
ecutor(table_193)', 'put_executor(novel_2010, table_193)']","Time consume: 597 seconds
Exp_helper query times: 1
Guidance query times: 2
library scale: 0
goal generate times: 31
goal correct times: 0
action_num: 21
",1,Scene_id: 2
Evaluation Finished,20250212_015611,,,,
